Country Name,Country Code,Indicator Name,Indicator Code,1960,1961,1962,1963,1964,1965,1966,1967,1968,1969,1970,1971,1972,1973,1974,1975,1976,1977,1978,1979,1980,1981,1982,1983,1984,1985,1986,1987,1988,1989,1990,1991,1992,1993,1994,1995,1996,1997,1998,1999,2000,2001,2002,2003,2004,2005,2006,2007,2008,2009,2010,2011,2012,2013,2014,2015,2016,2017,2018
Aruba,ABW,"International tourism, expenditures (current US$)",ST.INT.XPND.CD,,,,,,,,,,,,,,,,,,,,,,,,,,,,,,,,,,,,79000000,128000000,161000000,140000000,151000000,163000000,156000000,172000000,213000000,248000000,250000000,241000000,270000000,272000000,264000000,261000000,287000000,294000000,342000000,352000000,361000000,332000000,362000000,
Afghanistan,AFG,"International tourism, expenditures (current US$)",ST.INT.XPND.CD,,,,,,,,,,,,,,,,,,,,,,,,,,,,,,,,,,,,,,,,,,,,,,,,,28000000,70000000,106000000,255000000,110000000,138000000,140000000,151000000,89000000,132000000,
Angola,AGO,"International tourism, expenditures (current US$)",ST.INT.XPND.CD,,,,,,,,,,,,,,,,,,,,,,,,,,,,,,,,,,,,113000000,110000000,125000000,96000000,142000000,146000000,80000000,52000000,49000000,86000000,135000000,393000000,473000000,447000000,270000000,275000000,323000000,288000000,316000000,505000000,389000000,823000000,1216000000,
Albania,ALB,"International tourism, expenditures (current US$)",ST.INT.XPND.CD,,,,,,,,,,,,,,,,,,,,,,,,,,,,,,,,,,,,19000000,25000000,13000000,22000000,35000000,290000000,269000000,386000000,507000000,669000000,808000000,989000000,1331000000,1644000000,1691000000,1452000000,1676000000,1374000000,1567000000,1689000000,1310000000,1338000000,1472000000,
Andorra,AND,"International tourism, expenditures (current US$)",ST.INT.XPND.CD,,,,,,,,,,,,,,,,,,,,,,,,,,,,,,,,,,,,,,,,,,,,,,,,,,,,,,,,,,,
Arab World,ARB,"International tourism, expenditures (current US$)",ST.INT.XPND.CD,,,,,,,,,,,,,,,,,,,,,,,,,,,,,,,,,,,,,,,,,,,23222760616,21794219042,24155718640,33469992554,43980882990,58354235638,58860278756,60110447816,65421974653,69448520356,76256941183,80884521148,90796942726,86871711727,88388469376,89093263892,
United Arab Emirates,ARE,"International tourism, expenditures (current US$)",ST.INT.XPND.CD,,,,,,,,,,,,,,,,,,,,,,,,,,,,,,,,,,,,,,,,,3019000000,3321000000,3651000000,3956000000,4472000000,6186000000,8827000000,11273000000,13288000000,10347000000,11818000000,13206000000,15072000000,16188000000,15848000000,16637000000,17127000000,17645000000,
Argentina,ARG,"International tourism, expenditures (current US$)",ST.INT.XPND.CD,,,,,,,,,,,,,,,,,,,,,,,,,,,,,,,,,,,,4013000000,4449000000,4973000000,5282000000,5228000000,5460000000,4888000000,2744000000,2997000000,3208000000,3554000000,4047000000,5077000000,5987000000,5808000000,6448000000,7602000000,8466000000,8421000000,7837000000,9348000000,11729000000,13516000000,
Armenia,ARM,"International tourism, expenditures (current US$)",ST.INT.XPND.CD,,,,,,,,,,,,,,,,,,,,,,,,,,,,,,,,,,,,12000000,26000000,45000000,55000000,51000000,56000000,59000000,85000000,97000000,199000000,255000000,300000000,430000000,494000000,496000000,641000000,756000000,874000000,1007000000,1101000000,1057000000,1119000000,1325000000,
American Samoa,ASM,"International tourism, expenditures (current US$)",ST.INT.XPND.CD,,,,,,,,,,,,,,,,,,,,,,,,,,,,,,,,,,,,,,,,,,,,,,,,,,,,,,,,,,,
Antigua and Barbuda,ATG,"International tourism, expenditures (current US$)",ST.INT.XPND.CD,,,,,,,,,,,,,,,,,,,,,,,,,,,,,,,,,,,,23000000,26000000,27000000,29000000,30000000,31000000,32000000,33000000,35000000,38000000,40000000,45000000,52000000,58000000,54000000,51000000,49000000,49000000,50000000,89000000,95000000,101000000,106000000,
Australia,AUS,"International tourism, expenditures (current US$)",ST.INT.XPND.CD,,,,,,,,,,,,,,,,,,,,,,,,,,,,,,,,,,,,7605000000,8545000000,8880000000,8307000000,8798000000,9065000000,8184000000,8640000000,10434000000,14702000000,16153000000,17293000000,22052000000,25557000000,22680000000,27851000000,33967000000,35226000000,35197000000,32462000000,28614000000,32923000000,39491000000,
Austria,AUT,"International tourism, expenditures (current US$)",ST.INT.XPND.CD,,,,,,,,,,,,,,,,,,,,,,,,,,,,,,,,,,,,11686000000,11777000000,10672000000,10399000000,7517000000,7001000000,7408000000,7743000000,9761000000,10812000000,11077000000,9628000000,10561000000,11432000000,10817000000,10122000000,10548000000,9991000000,10254000000,11091000000,11335000000,11632000000,12878000000,
Azerbaijan,AZE,"International tourism, expenditures (current US$)",ST.INT.XPND.CD,,,,,,,,,,,,,,,,,,,,,,,,,,,,,,,,,,,,165000000,115000000,193000000,181000000,149000000,138000000,119000000,110000000,120000000,140000000,188000000,256000000,381000000,456000000,488000000,856000000,1778000000,2617000000,3032000000,3163000000,2743000000,2593000000,2803000000,
Burundi,BDI,"International tourism, expenditures (current US$)",ST.INT.XPND.CD,,,,,,,,,,,,,,,,,,,,,,,,,,,,,,,,,,,,25000000,12000000,4000000,3000000,2000000,14000000,12000000,14000000,15000000,29000000,62000000,126000000,106000000,151000000,71000000,35000000,49000000,25000000,34000000,38000000,29000000,28000000,24000000,
Belgium,BEL,"International tourism, expenditures (current US$)",ST.INT.XPND.CD,,,,,,,,,,,,,,,,,,,,,,,,,,,,,,,,,,,,8115000000,8591000000,7895000000,8311000000,9775000000,9429000000,10878000000,11270000000,13402000000,15456000000,16771000000,17891000000,19215000000,19514000000,19045000000,18866000000,20658000000,22367000000,24511000000,26435000000,21123000000,21519000000,22995000000,
Benin,BEN,"International tourism, expenditures (current US$)",ST.INT.XPND.CD,,,,,,,,,,,,,,,,,,,,,,,,,,,,,,,,,,,,48000000,51000000,34000000,32000000,63000000,50000000,48000000,49000000,53000000,59000000,58000000,71000000,107000000,102000000,88000000,91000000,81000000,96000000,39500000,54200000,141000000,87000000,,
Burkina Faso,BFA,"International tourism, expenditures (current US$)",ST.INT.XPND.CD,,,,,,,,,,,,,,,,,,,,,,,,,,,,,,,,,,,,,,,,,30000000,35000000,36000000,50000000,67000000,74000000,84000000,93000000,110000000,111000000,110000000,129000000,146000000,215000000,176000000,160000000,176000000,,
Bangladesh,BGD,"International tourism, expenditures (current US$)",ST.INT.XPND.CD,,,,,,,,,,,,,,,,,,,,,,,,,,,,,,,,,,,,234000000,251000000,314000000,294000000,375000000,471000000,341000000,309000000,389000000,442000000,371000000,481000000,530000000,735000000,651000000,835000000,819000000,889000000,1308000000,782000000,827000000,843000000,1118000000,
Bulgaria,BGR,"International tourism, expenditures (current US$)",ST.INT.XPND.CD,,,,,,,,,,,,,,,,,,,,,,,,,,,,,,,,,,,,312000000,314000000,355000000,654000000,747000000,764000000,836000000,1018000000,1467000000,1935000000,1858000000,2099000000,2142000000,2602000000,1955000000,975000000,1063000000,1096000000,1342000000,1459000000,1346000000,1636000000,2047000000,
Bahrain,BHR,"International tourism, expenditures (current US$)",ST.INT.XPND.CD,,,,,,,,,,,,,,,,,,,,,,,,,,,,,,,,,,,,320000000,298000000,318000000,327000000,395000000,425000000,423000000,550000000,492000000,528000000,574000000,639000000,671000000,704000000,597000000,684000000,899000000,975000000,1001000000,758000000,942000000,1921000000,1823000000,
"Bahamas, The",BHS,"International tourism, expenditures (current US$)",ST.INT.XPND.CD,,,,,,,,,,,,,,,,,,,,,,,,,,,,,,,,,,,,241000000,279000000,310000000,310000000,310000000,348000000,342000000,338000000,404000000,469000000,528000000,541000000,538000000,460000000,386000000,369000000,347000000,384000000,362000000,328000000,348000000,440000000,554000000,
Bosnia and Herzegovina,BIH,"International tourism, expenditures (current US$)",ST.INT.XPND.CD,,,,,,,,,,,,,,,,,,,,,,,,,,,,,,,,,,,,,,,97000000,101000000,92000000,96000000,112000000,145000000,162000000,158000000,210000000,264000000,345000000,285000000,247000000,214000000,196000000,198000000,205000000,195000000,206000000,257000000,
Belarus,BLR,"International tourism, expenditures (current US$)",ST.INT.XPND.CD,,,,,,,,,,,,,,,,,,,,,,,,,,,,,,,,,,,,101000000,142000000,122000000,138000000,133000000,247000000,486000000,527000000,436000000,500000000,516000000,675000000,724000000,860000000,752000000,748000000,729000000,948000000,1333000000,1308000000,997000000,891000000,1082000000,
Belize,BLZ,"International tourism, expenditures (current US$)",ST.INT.XPND.CD,,,,,,,,,,,,,,,,,,,,,,,,,,,,,,,,,,,,33000000,38000000,30000000,33000000,39000000,44000000,45000000,48000000,50000000,47000000,45000000,43000000,46000000,44000000,43000000,39000000,37000000,39000000,42000000,51000000,50000000,55000000,53000000,
Bermuda,BMU,"International tourism, expenditures (current US$)",ST.INT.XPND.CD,,,,,,,,,,,,,,,,,,,,,,,,,,,,,,,,,,,,,,,,,,,243000000,248000000,217000000,239000000,394000000,453000000,459000000,407000000,417000000,326000000,327000000,322000000,378000000,363000000,373000000,369000000,
Bolivia,BOL,"International tourism, expenditures (current US$)",ST.INT.XPND.CD,,,,,,,,,,,,,,,,,,,,,,,,,,,,,,,,,,,,72000000,87000000,96000000,98000000,117000000,116000000,114000000,114000000,197000000,232000000,257000000,360000000,385000000,381000000,388000000,421000000,410000000,502000000,660000000,953000000,849000000,960000000,1017000000,
Brazil,BRA,"International tourism, expenditures (current US$)",ST.INT.XPND.CD,,,,,,,,,,,,,,,,,,,,,,,,,,,,,,,,,,,,3982000000,4988000000,6208000000,6019000000,3551000000,4548000000,3765000000,2929000000,2874000000,3752000000,5905000000,7501000000,10434000000,13269000000,12897000000,18883000000,24608000000,26008000000,29286000000,29998000000,20356000000,17068000000,22991000000,
Barbados,BRB,"International tourism, expenditures (current US$)",ST.INT.XPND.CD,,,,,,,,,,,,,,,,,,,,,,,,,,,,,,,,,,,,110000000,114000000,120000000,126000000,132000000,141000000,149000000,146000000,153000000,163000000,274000000,284000000,290000000,279000000,293000000,351000000,124000000,84000000,78000000,,,,,
Brunei Darussalam,BRN,"International tourism, expenditures (current US$)",ST.INT.XPND.CD,,,,,,,,,,,,,,,,,,,,,,,,,,,,,,,,,,,,,,,,,,456000000,398000000,469000000,382000000,374000000,408000000,430000000,459000000,477000000,,,591000000,624000000,616000000,459000000,499000000,504000000,
Bhutan,BTN,"International tourism, expenditures (current US$)",ST.INT.XPND.CD,,,,,,,,,,,,,,,,,,,,,,,,,,,,,,,,,,,,,,,,,,,,,,,22000000,26000000,65000000,34000000,43000000,58000000,69000000,67000000,45000000,44000000,52000000,61000000,
Botswana,BWA,"International tourism, expenditures (current US$)",ST.INT.XPND.CD,,,,,,,,,,,,,,,,,,,,,,,,,,,,,,,,,,,,153000000,92000000,104000000,138000000,155000000,209000000,215000000,197000000,235000000,280000000,283000000,280000000,282300000,229700000,232400000,298500000,316480000,332000000,262200000,277000000,274400000,254100000,276300000,
Central African Republic,CAF,"International tourism, expenditures (current US$)",ST.INT.XPND.CD,,,,,,,,,,,,,,,,,,,,,,,,,,,,,,,,,,,,43000000,44000000,51000000,44000000,33000000,33000000,29000000,29000000,31000000,32000000,46000000,47000000,54000000,56000000,61000000,67000000,68000000,69000000,69800000,,,,,
Canada,CAN,"International tourism, expenditures (current US$)",ST.INT.XPND.CD,,,,,,,,,,,,,,,,,,,,,,,,,,,,,,,,,,,,12658000000,13815000000,14151000000,13384000000,13999000000,15125000000,14634000000,14257000000,16309000000,19267000000,22739000000,26067000000,31099000000,33844000000,30065000000,36975000000,41234000000,43010000000,43092000000,41669000000,36372000000,28751000000,31816000000,
Central Europe and the Baltics,CEB,"International tourism, expenditures (current US$)",ST.INT.XPND.CD,,,,,,,,,,,,,,,,,,,,,,,,,,,,,,,,,,,,11718000000,14321000000,13173000000,11670000000,10766000000,9940000000,10491000000,11825000000,13623000000,17138000000,19002000000,21863000000,26267000000,33565000000,26468000000,25737000000,27275000000,26100000000,27606000000,29405000000,26661000000,28315000000,32996000000,
Switzerland,CHE,"International tourism, expenditures (current US$)",ST.INT.XPND.CD,,,,,,,,,,,,,,,,,,,,,,,,,,,,,,,,,,,,9478000000,9798000000,8944000000,8754000000,7646000000,7360000000,7085000000,7210000000,8614000000,9924000000,10548000000,11134000000,12236000000,13282000000,12990000000,13460000000,16483000000,17980000000,19093000000,19940000000,18761000000,18846000000,19494000000,
Channel Islands,CHI,"International tourism, expenditures (current US$)",ST.INT.XPND.CD,,,,,,,,,,,,,,,,,,,,,,,,,,,,,,,,,,,,,,,,,,,,,,,,,,,,,,,,,,,
Chile,CHL,"International tourism, expenditures (current US$)",ST.INT.XPND.CD,,,,,,,,,,,,,,,,,,,,,,,,,,,,,,,,,,,,934000000,977000000,1132000000,1174000000,1032000000,904000000,939000000,932000000,1109000000,1251000000,1114000000,1238000000,1408000000,1386000000,1511000000,1736000000,2085000000,2400000000,2499000000,2707000000,2518000000,2733000000,2982000000,
China,CHN,"International tourism, expenditures (current US$)",ST.INT.XPND.CD,,,,,,,,,,,,,,,,,,,,,,,,,,,,,,,,,,,,3688000000,4474000000,9220000000,9943000000,11621000000,14169000000,14992000000,16759000000,16716000000,21360000000,21759000000,24322000000,29786000000,36157000000,43702000000,54880000000,72585000000,1.01977E+11,1.28576E+11,2.27344E+11,2.49831E+11,2.50112E+11,2.57733E+11,
Cote d'Ivoire,CIV,"International tourism, expenditures (current US$)",ST.INT.XPND.CD,,,,,,,,,,,,,,,,,,,,,,,,,,,,,,,,,,,,312000000,347000000,317000000,331000000,337000000,291000000,289000000,490000000,551000000,571000000,549000000,583000000,606000000,612000000,589000000,569000000,580000000,560000000,583000000,625000000,560000000,491000000,,
Cameroon,CMR,"International tourism, expenditures (current US$)",ST.INT.XPND.CD,,,,,,,,,,,,,,,,,,,,,,,,,,,,,,,,,,,,140000000,155000000,175000000,210000000,192000000,241000000,199000000,205000000,272000000,394000000,480000000,521000000,466000000,563000000,476000000,265000000,622000000,668000000,795000000,830000000,742000000,818000000,845000000,
"Congo, Dem. Rep.",COD,"International tourism, expenditures (current US$)",ST.INT.XPND.CD,,,,,,,,,,,,,,,,,,,,,,,,,,,,,,,,,,,,,,,,,,,,,,54000000,93000000,109000000,127000000,121000000,150000000,298000000,108000000,170000000,283000000,127000000,60000000,68000000,
"Congo, Rep.",COG,"International tourism, expenditures (current US$)",ST.INT.XPND.CD,,,,,,,,,,,,,,,,,,,,,,,,,,,,,,,,,,,,69000000,86000000,68000000,69000000,71000000,59000000,82000000,85000000,118000000,176000000,112000000,132000000,157000000,217000000,549000000,312000000,327000000,308000000,360000000,435000000,557000000,457000000,,
Colombia,COL,"International tourism, expenditures (current US$)",ST.INT.XPND.CD,,,,,,,,,,,,,,,,,,,,,,,,,,,,,,,,,,,,1162000000,1431000000,1560000000,1455000000,1339000000,1452000000,1556000000,1355000000,1349000000,1543000000,1934000000,2157000000,2460000000,2775000000,2801000000,3188000000,3631000000,4363000000,4485000000,5175000000,4820000000,4825000000,5136000000,
Comoros,COM,"International tourism, expenditures (current US$)",ST.INT.XPND.CD,,,,,,,,,,,,,,,,,,,,,,,,,,,,,,,,,,,,15000000,,,,,,,,7900000,9400000,19100000,23600000,28300000,31100000,30000000,33200000,37400000,36300000,,,,,,
Cabo Verde,CPV,"International tourism, expenditures (current US$)",ST.INT.XPND.CD,,,,,,,,,,,,,,,,,,,,,,,,,,,,,,,,,,,,20000000,24000000,25000000,32000000,47000000,41000000,55000000,63000000,89000000,93000000,82000000,106000000,123000000,143000000,145000000,138000000,142000000,135000000,127000000,115000000,109000000,75000000,90000000,
Costa Rica,CRI,"International tourism, expenditures (current US$)",ST.INT.XPND.CD,,,,,,,,,,,,,,,,,,,,,,,,,,,,,,,,,,,,336000000,357000000,401000000,466000000,509000000,545000000,430000000,427000000,484000000,530000000,591000000,647000000,825000000,753000000,500000000,629000000,620000000,647000000,649000000,657000000,898000000,1040000000,1129000000,
Caribbean small states,CSS,"International tourism, expenditures (current US$)",ST.INT.XPND.CD,,,,,,,,,,,,,,,,,,,,,,,,,,,,,,,,,,,,767000000,893000000,954000000,990000000,1067000000,1205000000,1160000000,1214000000,1226000000,1370000000,1630000000,1551000000,1608000000,1442000000,1353000000,1355000000,1183100000,1433700000,1296100000,1570514408,1714159018,1799281750,1878595178,
Cuba,CUB,"International tourism, expenditures (current US$)",ST.INT.XPND.CD,,,,,,,,,,,,,,,,,,,,,,,,,,,,,,,,,,,,,,,,,,,,,,,,,,,,,,,,,,,
Curacao,CUW,"International tourism, expenditures (current US$)",ST.INT.XPND.CD,,,,,,,,,,,,,,,,,,,,,,,,,,,,,,,,,,,,,,,,,,,137000000,176000000,195000000,164000000,191000000,223000000,229000000,258000000,282000000,321000000,357000000,377000000,383000000,418000000,428000000,457000000,
Cayman Islands,CYM,"International tourism, expenditures (current US$)",ST.INT.XPND.CD,,,,,,,,,,,,,,,,,,,,,,,,,,,,,,,,,,,,,,,,,,,,,,,164000000,132000000,130000000,120000000,129000000,145000000,175000000,183000000,161000000,183000000,166000000,,
Cyprus,CYP,"International tourism, expenditures (current US$)",ST.INT.XPND.CD,,,,,,,,,,,,,,,,,,,,,,,,,,,,,,,,,,,,473482100,500428500,512176800,537626300,553576500,533379000,558868600,568103600,698218900,900691900,987909000,1028462000,1542224000,1969088000,1740451000,1610804000,1730334000,1687470000,1621000000,1771000000,1439000000,1604000000,1781000000,
Czech Republic,CZE,"International tourism, expenditures (current US$)",ST.INT.XPND.CD,,,,,,,,,,,,,,,,,,,,,,,,,,,,,,,,,,,,1635000000,2960000000,2355000000,1908000000,1493000000,1276000000,1386000000,1797000000,2177000000,2682000000,2603000000,2874000000,3895000000,5029000000,4336000000,4354000000,4876000000,4556000000,4698000000,5173000000,4819000000,4963000000,5518000000,
Germany,DEU,"International tourism, expenditures (current US$)",ST.INT.XPND.CD,,,,,,,,,,,,,,,,,,,,,,,,,,,,,,,,,,,,66527000000,64726000000,59000000000,60253000000,61218000000,57601000000,56529000000,59496000000,73203000000,80624000000,84539000000,85678000000,96192000000,1.05647E+11,92829000000,90882000000,99839000000,96233000000,1.02677E+11,1.01702E+11,85308000000,87395000000,97597000000,
Djibouti,DJI,"International tourism, expenditures (current US$)",ST.INT.XPND.CD,,,,,,,,,,,,,,,,,,,,,,,,,,,,,,,,,,,,16300000,17300000,17100000,15900000,11600000,14800000,12900000,7700000,9900000,14000000,14400000,15000000,14200000,15500000,17500000,20500000,33500000,29600000,30900000,34200000,35100000,35100000,39700000,
Dominica,DMA,"International tourism, expenditures (current US$)",ST.INT.XPND.CD,,,,,,,,,,,,,,,,,,,,,,,,,,,,,,,,,,,,6000000,7000000,7000000,8000000,9000000,9000000,9000000,9000000,9000000,9000000,10000000,10000000,11000000,11000000,13000000,13000000,12000000,12000000,13000000,35000000,30000000,30000000,26000000,
Denmark,DNK,"International tourism, expenditures (current US$)",ST.INT.XPND.CD,,,,,,,,,,,,,,,,,,,,,,,,,,,,,,,,,,,,4288000000,4140000000,4194000000,4577000000,4899000000,4669000000,4861000000,5838000000,6659000000,7279000000,6850000000,7486000000,8830000000,9698000000,8968000000,9082000000,9840000000,9600000000,10072000000,10443000000,8918000000,9159000000,9640000000,
Dominican Republic,DOM,"International tourism, expenditures (current US$)",ST.INT.XPND.CD,,,,,,,,,,,,,,,,,,,,,,,,,,,,,,,,,,,,267000000,313000000,339000000,380000000,391000000,440000000,425000000,429000000,408000000,448000000,511000000,495000000,531000000,532000000,523000000,662000000,689000000,690000000,679000000,717000000,803000000,882000000,941000000,
Algeria,DZA,"International tourism, expenditures (current US$)",ST.INT.XPND.CD,,,,,,,,,,,,,,,,,,,,,,,,,,,,,,,,,,,,186000000,188000000,144000000,269000000,251000000,193000000,194000000,248000000,255000000,341000000,660000000,414000000,502000000,613000000,574000000,716000000,595000000,598000000,531000000,679000000,762000000,556000000,632000000,
East Asia & Pacific (excluding high income),EAP,"International tourism, expenditures (current US$)",ST.INT.XPND.CD,,,,,,,,,,,,,,,,,,,,,,,,,,,,,,,,,,,,14556748812,16663417269,21355374653,19246505645,21794722363,25929919281,28038999950,32082247429,30921291634,38131994026,40642083268,45951875959,55316981845,66029934934,69871988295,87620628648,1.087E+11,1.43101E+11,1.72865E+11,2.75975E+11,2.98735E+11,3.01535E+11,3.1272E+11,
Early-demographic dividend,EAR,"International tourism, expenditures (current US$)",ST.INT.XPND.CD,,,,,,,,,,,,,,,,,,,,,,,,,,,,,,,,,,,,31431806156,35138530459,37840593734,39474777668,41383483541,47361206770,48540464509,52036917244,51341703135,57679281410,71767542706,80633605692,1.01372E+11,1.07379E+11,1.05066E+11,1.19239E+11,1.22219E+11,1.23811E+11,1.32161E+11,1.44998E+11,1.43775E+11,1.46898E+11,1.58084E+11,
East Asia & Pacific,EAS,"International tourism, expenditures (current US$)",ST.INT.XPND.CD,,,,,,,,,,,,,,,,,,,,,,,,,,,,,,,,,,,,1.03567E+11,1.08983E+11,1.08958E+11,94690638483,1.06321E+11,1.14911E+11,1.10351E+11,1.18743E+11,1.19318E+11,1.50344E+11,1.59471E+11,1.61419E+11,1.82914E+11,2.00223E+11,1.88197E+11,2.27216E+11,2.62282E+11,3.03717E+11,3.30561E+11,4.32866E+11,4.48205E+11,4.62973E+11,4.80274E+11,
Europe & Central Asia (excluding high income),ECA,"International tourism, expenditures (current US$)",ST.INT.XPND.CD,,,,,,,,,,,,,,,,,,,,,,,,,,,,,,,,,,,,15185298718,14153440839,15078509148,13929581234,11767987703,14389977946,16084981087,18550064827,21714208166,27953729714,32078383582,34557855312,42342505817,49739942434,44655152650,51922241572,62031361124,74082476870,89061189541,85351844514,66316076381,55637099655,68612387494,
Europe & Central Asia,ECS,"International tourism, expenditures (current US$)",ST.INT.XPND.CD,,,,,,,,,,,,,,,,,,,,,,,,,,,,,,,,,,,,2.36375E+11,2.43676E+11,2.32718E+11,2.44934E+11,2.50876E+11,2.51582E+11,2.5164E+11,2.71395E+11,3.21334E+11,3.67887E+11,3.91174E+11,4.09635E+11,4.74159E+11,5.17483E+11,4.49262E+11,4.5629E+11,5.01595E+11,5.01826E+11,5.40935E+11,5.59438E+11,4.91081E+11,4.88198E+11,5.16382E+11,
Ecuador,ECU,"International tourism, expenditures (current US$)",ST.INT.XPND.CD,,,,,,,,,,,,,,,,,,,,,,,,,,,,,,,,,,,,331000000,313000000,331000000,325000000,385000000,416000000,465000000,507000000,500000000,577000000,644000000,706000000,733000000,790000000,806000000,863000000,917000000,944000000,989000000,990000000,994000000,1034000000,1087000000,
"Egypt, Arab Rep.",EGY,"International tourism, expenditures (current US$)",ST.INT.XPND.CD,,,,,,,,,,,,,,,,,,,,,,,,,,,,,,,,,,,,1371000000,1382000000,1431000000,1271000000,1218000000,1206000000,1248000000,1309000000,1465000000,1543000000,1932000000,2156000000,2886000000,3390000000,2941000000,2696000000,2575000000,3037000000,3261000000,3486000000,3636000000,4351000000,2419000000,
Euro area,EMU,"International tourism, expenditures (current US$)",ST.INT.XPND.CD,,,,,,,,,,,,,,,,,,,,,,,,,,,,,,,,,,,,1.55263E+11,1.58764E+11,1.45941E+11,1.53104E+11,1.58165E+11,1.56242E+11,1.56141E+11,1.65619E+11,1.99228E+11,2.21211E+11,2.31681E+11,2.38714E+11,2.75186E+11,2.97502E+11,2.65269E+11,2.61195E+11,2.87091E+11,2.70669E+11,2.87744E+11,3.02576E+11,2.58451E+11,2.66614E+11,2.90837E+11,
Eritrea,ERI,"International tourism, expenditures (current US$)",ST.INT.XPND.CD,,,,,,,,,,,,,,,,,,,,,,,,,,,,,,,,,,,,,,,,,,,,,,,,,,,,,,,,,,,
Spain,ESP,"International tourism, expenditures (current US$)",ST.INT.XPND.CD,,,,,,,,,,,,,,,,,,,,,,,,,,,,,,,,,,,,5826000000,6332000000,6163000000,7119000000,7803000000,7710000000,8466000000,9366000000,11330000000,14864000000,15175000000,16824000000,19870000000,20540000000,17133000000,16930000000,17374000000,15401000000,16434000000,17969000000,17347000000,19284000000,22321000000,
Estonia,EST,"International tourism, expenditures (current US$)",ST.INT.XPND.CD,,,,,,,,,,,,,,,,,,,,,,,,,,,,,,,,,,,,121000000,141000000,162000000,197000000,255000000,253000000,253000000,305000000,404000000,486000000,530000000,706000000,804000000,939000000,605000000,633000000,806000000,796000000,1236000000,1345000000,1169000000,1299000000,1398000000,
Ethiopia,ETH,"International tourism, expenditures (current US$)",ST.INT.XPND.CD,,,,,,,,,,,,,,,,,,,,,,,,,,,,,,,,,,,,30000000,30000000,48000000,51000000,57000000,80000000,50000000,55000000,63000000,59000000,77000000,97000000,107000000,156000000,139000000,143000000,170000000,181000000,214000000,283000000,372000000,461000000,363500000,
European Union,EUU,"International tourism, expenditures (current US$)",ST.INT.XPND.CD,,,,,,,,,,,,,,,,,,,,,,,,,,,,,,,,,,,,2.076E+11,2.15192E+11,2.04244E+11,2.17416E+11,2.26401E+11,2.25139E+11,2.24184E+11,2.40569E+11,2.848E+11,3.22398E+11,3.39482E+11,3.54571E+11,4.08117E+11,4.42528E+11,3.81016E+11,3.7812E+11,4.08409E+11,3.94022E+11,4.15537E+11,4.37148E+11,3.92044E+11,3.99799E+11,4.14979E+11,
Fragile and conflict affected situations,FCS,"International tourism, expenditures (current US$)",ST.INT.XPND.CD,,,,,,,,,,,,,,,,,,,,,,,,,,,,,,,,,,,,,,,,,,,6890921934,7853636462,8728101697,9083961428,10334279474,11489866138,12808591019,14387697691,16111776114,15596751717,15649518421,16814078472,17327945948,17900050476,16877558480,,
Finland,FIN,"International tourism, expenditures (current US$)",ST.INT.XPND.CD,,,,,,,,,,,,,,,,,,,,,,,,,,,,,,,,,,,,2853000000,2760000000,2541000000,2565000000,2525000000,2293000000,2442000000,2438000000,2954000000,3383000000,3622000000,4099000000,4812000000,5577000000,5233000000,5269000000,6010000000,5843000000,6387000000,6324000000,5785000000,6176000000,6675000000,
Fiji,FJI,"International tourism, expenditures (current US$)",ST.INT.XPND.CD,,,,,,,,,,,,,,,,,,,,,,,,,,,,,,,,,,,,82000000,88000000,87000000,67000000,82000000,96000000,84000000,79000000,88000000,118000000,132000000,113000000,106000000,111000000,107000000,102000000,116000000,110000000,105000000,99000000,115000000,119000000,138000000,
France,FRA,"International tourism, expenditures (current US$)",ST.INT.XPND.CD,,,,,,,,,,,,,,,,,,,,,,,,,,,,,,,,,,,,20699000000,22049000000,17490000000,18819000000,22795000000,26703000000,26749000000,27808000000,32618000000,36029000000,38643000000,39301000000,46051000000,50361000000,45050000000,46704000000,55472000000,50087000000,52448000000,58446000000,47697000000,48760000000,50329000000,
Faroe Islands,FRO,"International tourism, expenditures (current US$)",ST.INT.XPND.CD,,,,,,,,,,,,,,,,,,,,,,,,,,,,,,,,,,,,,,,,,,,,,,,,,,,,,,,,,,,
"Micronesia, Fed. Sts.",FSM,"International tourism, expenditures (current US$)",ST.INT.XPND.CD,,,,,,,,,,,,,,,,,,,,,,,,,,,,,,,,,,,,,,4600000,4800000,4900000,5300000,5400000,5300000,5500000,6700000,6900000,7000000,7000000,7100000,26000000,28000000,27000000,30000000,29000000,29000000,,,,
Gabon,GAB,"International tourism, expenditures (current US$)",ST.INT.XPND.CD,,,,,,,,,,,,,,,,,,,,,,,,,,,,,,,,,,,,182000000,168000000,156000000,158000000,195000000,183000000,256000000,234000000,239000000,275000000,346000000,,328000000,490000000,476000000,560000000,658000000,441000000,,,,,,
United Kingdom,GBR,"International tourism, expenditures (current US$)",ST.INT.XPND.CD,,,,,,,,,,,,,,,,,,,,,,,,,,,,,,,,,,,,30749000000,32298000000,35954000000,41458000000,45536000000,47009000000,46410000000,51125000000,58627000000,69076000000,74930000000,80040000000,90243000000,94955000000,74463000000,73786000000,76399000000,79491000000,81590000000,85921000000,90021000000,87754000000,71671000000,
Georgia,GEO,"International tourism, expenditures (current US$)",ST.INT.XPND.CD,,,,,,,,,,,,,,,,,,,,,,,,,,,,,,,,,,,,,,171000000,239000000,135000000,129000000,136000000,189000000,170000000,196000000,237000000,257000000,277000000,337000000,311000000,329000000,384000000,471000000,537000000,563000000,609000000,706000000,853000000,
Ghana,GHA,"International tourism, expenditures (current US$)",ST.INT.XPND.CD,,,,,,,,,,,,,,,,,,,,,,,,,,,,,,,,,,,,74000000,59000000,61000000,145000000,151000000,162000000,165000000,184000000,216000000,270000000,472000000,575000000,816000000,870000000,948000000,882000000,1026000000,976000000,982000000,947000000,1405000000,1571000000,1581000000,
Gibraltar,GIB,"International tourism, expenditures (current US$)",ST.INT.XPND.CD,,,,,,,,,,,,,,,,,,,,,,,,,,,,,,,,,,,,,,,,,,,,,,,,,,,,,,,,,,,
Guinea,GIN,"International tourism, expenditures (current US$)",ST.INT.XPND.CD,,,,,,,,,,,,,,,,,,,,,,,,,,,,,,,,,,,,29000000,37000000,39000000,34000000,29000000,13000000,26000000,38000000,36000000,29000000,38000000,41000000,96000000,30000000,28000000,17000000,49000000,41000000,60500000,28800000,38000000,16300000,15800000,
"Gambia, The",GMB,"International tourism, expenditures (current US$)",ST.INT.XPND.CD,,,,,,,,,,,,,,,,,,,,,,,,,,,,,,,,,,,,16000000,15500000,17000000,,,,,,8000000,6000000,7000000,8000000,13000000,12000000,12000000,14000000,16000000,13000000,10400000,55400000,57400000,76200000,45500000,
Guinea-Bissau,GNB,"International tourism, expenditures (current US$)",ST.INT.XPND.CD,,,,,,,,,,,,,,,,,,,,,,,,,,,,,,,,,,,,5800000,4700000,3500000,,,,5500000,10200000,21300000,22300000,18900000,17800000,40700000,46100000,26000000,29500000,38600000,24500000,27200000,53000000,53000000,33000000,,
Equatorial Guinea,GNQ,"International tourism, expenditures (current US$)",ST.INT.XPND.CD,,,,,,,,,,,,,,,,,,,,,,,,,,,,,,,,,,,,7000000,13000000,7000000,7000000,8000000,19000000,30000000,,,,,,,,,,,,,,,,,
Greece,GRC,"International tourism, expenditures (current US$)",ST.INT.XPND.CD,,,,,,,,,,,,,,,,,,,,,,,,,,,,,,,,,,,,1495000000,1396000000,1537000000,1756000000,4014000000,4564000000,4189000000,2453000000,2439000000,2880000000,3045000000,3004000000,3430000000,3946000000,4120000000,3401000000,3807000000,3006000000,3768000000,4001000000,3537000000,3415000000,3308000000,
Grenada,GRD,"International tourism, expenditures (current US$)",ST.INT.XPND.CD,,,,,,,,,,,,,,,,,,,,,,,,,,,,,,,,,,,,5000000,5000000,6000000,6000000,7000000,8000000,8000000,8000000,8000000,9000000,10000000,16000000,16000000,11000000,10000000,10000000,10000000,11000000,11000000,34000000,38000000,34000000,35000000,
Greenland,GRL,"International tourism, expenditures (current US$)",ST.INT.XPND.CD,,,,,,,,,,,,,,,,,,,,,,,,,,,,,,,,,,,,,,,,,,,,,,,,,,,,,,,,,,,
Guatemala,GTM,"International tourism, expenditures (current US$)",ST.INT.XPND.CD,,,,,,,,,,,,,,,,,,,,,,,,,,,,,,,,,,,,167000000,163000000,146000000,190000000,216000000,216000000,266000000,329000000,373000000,488000000,532000000,655000000,737000000,740000000,862000000,1002000000,935000000,920000000,952000000,1033000000,1004000000,989000000,1010000000,
Guam,GUM,"International tourism, expenditures (current US$)",ST.INT.XPND.CD,,,,,,,,,,,,,,,,,,,,,,,,,,,,,,,,,,,,,,,,,,,,,,,,,,,,,,,,,,,
Guyana,GUY,"International tourism, expenditures (current US$)",ST.INT.XPND.CD,,,,,,,,,,,,,,,,,,,,,,,,,,,,,,,,,,,,21000000,65000000,69000000,69000000,82000000,77000000,62000000,44000000,30000000,30000000,40000000,49000000,58000000,52000000,52000000,73000000,79000000,82000000,81000000,77000000,93000000,103000000,,
High income,HIC,"International tourism, expenditures (current US$)",ST.INT.XPND.CD,,,,,,,,,,,,,,,,,,,,,,,,,,,,,,,,,,,,4.01007E+11,4.19224E+11,4.09886E+11,4.17627E+11,4.39793E+11,4.53667E+11,4.3996E+11,4.57705E+11,5.06216E+11,5.87938E+11,6.3301E+11,6.64504E+11,7.57274E+11,8.08243E+11,7.08374E+11,7.46733E+11,8.1342E+11,8.30804E+11,8.57875E+11,8.98608E+11,8.42562E+11,8.66858E+11,9.07292E+11,
"Hong Kong SAR, China",HKG,"International tourism, expenditures (current US$)",ST.INT.XPND.CD,,,,,,,,,,,,,,,,,,,,,,,,,,,,,,,,,,,,10497000000,11461000000,12678000000,13474000000,13134000000,12502000000,12317000000,12418000000,11447000000,13270000000,13305000000,14044000000,15042000000,16095000000,15547000000,17357000000,19022000000,20077000000,21215000000,22011000000,23059000000,24141000000,25388000000,
Honduras,HND,"International tourism, expenditures (current US$)",ST.INT.XPND.CD,,,,,,,,,,,,,,,,,,,,,,,,,,,,,,,,,,,,99000000,110000000,115000000,142000000,166000000,198000000,205000000,221000000,274000000,300000000,321000000,425000000,309000000,385000000,361000000,406000000,446000000,549000000,506000000,437000000,454000000,482000000,517000000,
Heavily indebted poor countries (HIPC),HPC,"International tourism, expenditures (current US$)",ST.INT.XPND.CD,,,,,,,,,,,,,,,,,,,,,,,,,,,,,,,,,,,,2420116194,2707743108,2730986970,3015952829,3088018743,3097663718,3106842141,3447843581,3890886673,4514057984,5705429983,7291875273,8183052369,8890835807,8710628303,8628899857,9795572861,9599908921,9815413483,10763762107,10970051260,10837741467,10597465120,
Croatia,HRV,"International tourism, expenditures (current US$)",ST.INT.XPND.CD,,,,,,,,,,,,,,,,,,,,,,,,,,,,,,,,,,,,422000000,510000000,530000000,600000000,806000000,634000000,677000000,852000000,709000000,881000000,786000000,770000000,1025000000,1167000000,1042000000,861000000,918000000,962000000,923000000,865000000,770000000,954000000,1399000000,
Haiti,HTI,"International tourism, expenditures (current US$)",ST.INT.XPND.CD,,,,,,,,,,,,,,,,,,,,,,,,,,,,,,,,,,,,35000000,37000000,35000000,,,173000000,168000000,172000000,202000000,206000000,174000000,239000000,331000000,383000000,427000000,431000000,458000000,473000000,418000000,475000000,503000000,503000000,485000000,
Hungary,HUN,"International tourism, expenditures (current US$)",ST.INT.XPND.CD,,,,,,,,,,,,,,,,,,,,,,,,,,,,,,,,,,,,1501000000,1491000000,1511000000,1496000000,1590000000,1722000000,1887000000,2211000000,2700000000,2482000000,2721000000,2319000000,3088000000,3857000000,3251000000,2897000000,3048000000,2457000000,2526000000,2712000000,2456000000,2739000000,2975000000,
IBRD only,IBD,"International tourism, expenditures (current US$)",ST.INT.XPND.CD,,,,,,,,,,,,,,,,,,,,,,,,,,,,,,,,,,,,63662154607,67906298248,76157818693,72459689813,71439351441,82120529233,86133581668,93334024850,98240133493,1.19823E+11,1.35402E+11,1.50701E+11,1.81642E+11,2.12227E+11,2.0362E+11,2.44542E+11,2.88261E+11,3.37918E+11,3.9106E+11,4.97642E+11,4.91795E+11,4.86313E+11,5.26162E+11,
IDA & IBRD total,IBT,"International tourism, expenditures (current US$)",ST.INT.XPND.CD,,,,,,,,,,,,,,,,,,,,,,,,,,,,,,,,,,,,68473936241,73762247304,82089706831,78462637608,76584909338,87566772665,91663199607,99188286415,1.06435E+11,1.2963E+11,1.466E+11,1.67178E+11,2.0306E+11,2.40046E+11,2.25179E+11,2.69613E+11,3.16302E+11,3.66677E+11,4.20788E+11,5.28953E+11,5.24482E+11,5.13773E+11,5.58741E+11,
IDA total,IDA,"International tourism, expenditures (current US$)",ST.INT.XPND.CD,,,,,,,,,,,,,,,,,,,,,,,,,,,,,,,,,,,,,,,,,,,,,,11233545374,16790879146,21900293314,28575394624,21937196538,25489087769,28454511099,28894192853,29565970195,30493136851,32060263244,26300772191,31743469676,
IDA blend,IDB,"International tourism, expenditures (current US$)",ST.INT.XPND.CD,,,,,,,,,,,,,,,,,,,,,,,,,,,,,,,,,,,,,,,,,,,,,,3951598191,7801415104,11482602318,16656309946,10536976244,12700274549,15262069535,15211306991,15289913969,15909880993,16547090147,11555439951,16274684758,
Indonesia,IDN,"International tourism, expenditures (current US$)",ST.INT.XPND.CD,,,,,,,,,,,,,,,,,,,,,,,,,,,,,,,,,,,,2172000000,2399000000,2411000000,2102000000,2353000000,3197000000,3406000000,5042000000,4427000000,4569000000,4740000000,5458000000,6578000000,8801000000,6908000000,8432000000,8653000000,9055000000,10280000000,10263000000,9800000000,9932000000,10945000000,
IDA only,IDX,"International tourism, expenditures (current US$)",ST.INT.XPND.CD,,,,,,,,,,,,,,,,,,,,,,,,,,,,,,,,,,,,3448010012,3734999241,3903707143,4185022231,4400492574,4695454811,4576165117,4965196022,5392476420,6084597890,7264778642,8998554420,10456511798,12004264482,11413731696,12796768059,13204203130,13715171520,14327030207,14625224459,15575134435,15027011715,15400330760,
Isle of Man,IMN,"International tourism, expenditures (current US$)",ST.INT.XPND.CD,,,,,,,,,,,,,,,,,,,,,,,,,,,,,,,,,,,,,,,,,,,,,,,,,,,,,,,,,,,
India,IND,"International tourism, expenditures (current US$)",ST.INT.XPND.CD,,,,,,,,,,,,,,,,,,,,,,,,,,,,,,,,,,,,996000000,913000000,1342000000,1713000000,2010000000,3686000000,4367000000,4350000000,4385000000,5783000000,8277000000,8738000000,10690000000,12083000000,9310000000,10490000000,13699000000,14107000000,13884000000,17492000000,17686000000,19184000000,21856000000,
Not classified,INX,"International tourism, expenditures (current US$)",ST.INT.XPND.CD,,,,,,,,,,,,,,,,,,,,,,,,,,,,,,,,,,,,,,,,,,,,,,,,,,,,,,,,,,,
Ireland,IRL,"International tourism, expenditures (current US$)",ST.INT.XPND.CD,,,,,,,,,,,,,,,,,,,,,,,,,,,,,,,,,,,,2034000000,2198000000,2210000000,3015000000,2712000000,2626000000,2956000000,3835000000,4832000000,5291000000,6186000000,6978000000,8785000000,10539000000,7934000000,7178000000,6837000000,6001000000,6222000000,6173000000,5789000000,6216000000,6612000000,
"Iran, Islamic Rep.",IRN,"International tourism, expenditures (current US$)",ST.INT.XPND.CD,,,,,,,,,,,,,,,,,,,,,,,,,,,,,,,,,,,,247000000,274000000,396000000,155000000,638000000,671000000,714000000,3990000000,4120000000,4402000000,4112000000,5066000000,7335000000,8270000000,8503000000,10570000000,10555000000,8435000000,9464000000,10130000000,9658000000,9893000000,,
Iraq,IRQ,"International tourism, expenditures (current US$)",ST.INT.XPND.CD,,,,,,,,,,,,,,,,,,,,,,,,,,,,,,,,,,,,117000000,70000000,131000000,14000000,14000000,9000000,31000000,26000000,,,627000000,526000000,705000000,813000000,1221000000,1675000000,1879000000,2363000000,3416000000,4394000000,4966000000,5027000000,,
Iceland,ISL,"International tourism, expenditures (current US$)",ST.INT.XPND.CD,,,,,,,,,,,,,,,,,,,,,,,,,,,,,,,,,,,,282000000,312000000,327000000,399000000,440000000,471000000,372000000,373000000,524000000,699000000,991000000,1084000000,1336000000,1103000000,534000000,599000000,740000000,780000000,850000000,972000000,998000000,1268000000,1664000000,
Israel,ISR,"International tourism, expenditures (current US$)",ST.INT.XPND.CD,,,,,,,,,,,,,,,,,,,,,,,,,,,,,,,,,,,,2626000000,2849000000,2952000000,3233000000,3411000000,3733000000,3887000000,3322000000,3341000000,3663000000,4146000000,4286000000,4921000000,4967000000,4500000000,4683000000,4874000000,5008000000,5757000000,6534000000,7506000000,8210000000,8985000000,
Italy,ITA,"International tourism, expenditures (current US$)",ST.INT.XPND.CD,,,,,,,,,,,,,,,,,,,,,,,,,,,,,,,,,,,,17201000000,18619000000,19676000000,20539000000,19588000000,18167000000,16997000000,19635000000,23728000000,24062000000,26774000000,27438000000,32755000000,30926000000,27947000000,26908000000,28727000000,26249000000,26950000000,28857000000,24417000000,24982000000,27883000000,
Jamaica,JAM,"International tourism, expenditures (current US$)",ST.INT.XPND.CD,,,,,,,,,,,,,,,,,,,,,,,,,,,,,,,,,,,,173000000,181000000,205000000,223000000,256000000,238000000,227000000,274000000,269000000,318000000,290000000,315000000,340000000,312000000,259000000,235000000,213000000,418000000,392000000,457000000,413000000,424000000,471000000,
Jordan,JOR,"International tourism, expenditures (current US$)",ST.INT.XPND.CD,,,,,,,,,,,,,,,,,,,,,,,,,,,,,,,,,,,,719000000,630000000,635000000,642000000,536000000,387000000,420000000,504000000,503000000,585000000,653000000,956000000,1024000000,1140000000,1202000000,1736000000,1280000000,1257000000,1206000000,1251000000,1267000000,1367000000,1496000000,
Japan,JPN,"International tourism, expenditures (current US$)",ST.INT.XPND.CD,,,,,,,,,,,,,,,,,,,,,,,,,,,,,,,,,,,,46966000000,46800000000,41381000000,35334000000,41213000000,42643000000,35526000000,34977000000,36505000000,48175000000,48096000000,37655000000,37258000000,38971000000,34787000000,39306000000,39760000000,40967000000,32244000000,28609000000,23252000000,25783000000,18177000000,
Kazakhstan,KAZ,"International tourism, expenditures (current US$)",ST.INT.XPND.CD,,,,,,,,,,,,,,,,,,,,,,,,,,,,,,,,,,,,296000000,364000000,494000000,549000000,455000000,483000000,761000000,863000000,783000000,997000000,940000000,1060000000,1396000000,1361000000,1319000000,1489000000,1831000000,2023000000,2147000000,2163000000,2155000000,1769000000,1886000000,
Kenya,KEN,"International tourism, expenditures (current US$)",ST.INT.XPND.CD,,,,,,,,,,,,,,,,,,,,,,,,,,,,,,,,,,,,230000000,205000000,152000000,155000000,182000000,156000000,183000000,126000000,127000000,108000000,124000000,178000000,265000000,266000000,227000000,212000000,197000000,174000000,233000000,206000000,217000000,145000000,262000000,
Kyrgyz Republic,KGZ,"International tourism, expenditures (current US$)",ST.INT.XPND.CD,,,,,,,,,,,,,,,,,,,,,,,,,,,,,,,,,,,,7000000,7000000,11000000,25000000,27000000,28000000,21000000,27000000,35000000,73000000,94000000,142000000,215000000,450000000,273000000,275000000,392000000,529000000,505000000,568000000,535000000,582000000,422000000,
Cambodia,KHM,"International tourism, expenditures (current US$)",ST.INT.XPND.CD,,,,,,,,,,,,,,,,,,,,,,,,,,,,,,,,,,,,22000000,31000000,28000000,35000000,41000000,52000000,59000000,64000000,60000000,80000000,137000000,176000000,194000000,180000000,163000000,131000000,344000000,406000000,469000000,526000000,641000000,762000000,919000000,
Kiribati,KIR,"International tourism, expenditures (current US$)",ST.INT.XPND.CD,,,,,,,,,,,,,,,,,,,,,,,,,,,,,,,,,,,,,,,,,,,,,,9300000,3100000,5500000,6600000,11700000,10100000,12300000,7900000,7500000,5800000,5400000,8800000,,
St. Kitts and Nevis,KNA,"International tourism, expenditures (current US$)",ST.INT.XPND.CD,,,,,,,,,,,,,,,,,,,,,,,,,,,,,,,,,,,,5000000,5000000,6000000,6000000,7000000,9000000,8000000,8000000,8000000,10000000,11000000,14000000,12000000,15000000,11000000,13000000,14000000,15000000,16000000,51000000,52000000,51000000,53000000,
"Korea, Rep.",KOR,"International tourism, expenditures (current US$)",ST.INT.XPND.CD,,,,,,,,,,,,,,,,,,,,,,,,,,,,,,,,,,,,6947000000,8291000000,8039000000,4027000000,5555000000,7945000000,8349000000,11440000000,11063000000,13507000000,16924000000,20947000000,24431000000,21447000000,16355000000,20788000000,22195000000,22934000000,24459000000,26136000000,27957000000,29817000000,33354000000,
Kuwait,KWT,"International tourism, expenditures (current US$)",ST.INT.XPND.CD,,,,,,,,,,,,,,,,,,,,,,,,,,,,,,,,,,,,2514000000,2779000000,2684000000,2823000000,2574000000,2852000000,3207000000,3412000000,3750000000,4147000000,4997000000,6074000000,7267000000,8341000000,6799000000,7106000000,8879000000,10073000000,10567000000,12280000000,13148000000,13232000000,13722000000,
Latin America & Caribbean (excluding high income),LAC,"International tourism, expenditures (current US$)",ST.INT.XPND.CD,,,,,,,,,,,,,,,,,,,,,,,,,,,,,,,,,,,,17305918950,20184114954,21819175237,22567506599,20661919632,23542790916,22749304902,19943692590,20411463756,23308397989,27711129210,31119466193,37158889154,42364238581,40329789146,48459469381,57872831402,63274624425,69198778830,69929252719,61322669125,60966513638,71122078947,
Lao PDR,LAO,"International tourism, expenditures (current US$)",ST.INT.XPND.CD,,,,,,,,,,,,,,,,,,,,,,,,,,,,,,,,,,,,34000000,28000000,27000000,29000000,17000000,8000000,4100000,4300000,5000000,8000000,10000000,15000000,14000000,51000000,91000000,215000000,248000000,614000000,907000000,1054000000,1002000000,912100000,989000000,
Lebanon,LBN,"International tourism, expenditures (current US$)",ST.INT.XPND.CD,,,,,,,,,,,,,,,,,,,,,,,,,,,,,,,,,,,,,,,,,,,2683000000,3319000000,3719000000,3565000000,3783000000,3914000000,4297000000,4928000000,4868000000,4440000000,4511000000,4692000000,5198000000,5187000000,5252000000,5705000000,
Liberia,LBR,"International tourism, expenditures (current US$)",ST.INT.XPND.CD,,,,,,,,,,,,,,,,,,,,,,,,,,,,,,,,,,,,,,,,,,,,,29000000,33000000,41000000,48000000,58000000,51000000,,,,,,,,,
Libya,LBY,"International tourism, expenditures (current US$)",ST.INT.XPND.CD,,,,,,,,,,,,,,,,,,,,,,,,,,,,,,,,,,,,98000000,85000000,286000000,423000000,574000000,495000000,572000000,654000000,689000000,789000000,920000000,915000000,1010000000,1339000000,1683000000,2184000000,,2654000000,2598000000,1325000000,1066000000,813000000,,
St. Lucia,LCA,"International tourism, expenditures (current US$)",ST.INT.XPND.CD,,,,,,,,,,,,,,,,,,,,,,,,,,,,,,,,,,,,25000000,29000000,29000000,31000000,33000000,33000000,32000000,34000000,36000000,37000000,39000000,39000000,42000000,45000000,47000000,48000000,48000000,45000000,46000000,66000000,76000000,77000000,80000000,
Latin America & Caribbean,LCN,"International tourism, expenditures (current US$)",ST.INT.XPND.CD,,,,,,,,,,,,,,,,,,,,,,,,,,,,,,,,,,,,20753578339,23823870011,25943249658,26589657456,24588451597,27717010293,27006422737,24006391700,24862490391,28208502752,32982703536,36559791287,42902604491,48190849253,45816524938,54168358409,64223694336,70172526364,77068615602,78219820002,69401684905,68937145467,79660181094,
Least developed countries: UN classification,LDC,"International tourism, expenditures (current US$)",ST.INT.XPND.CD,,,,,,,,,,,,,,,,,,,,,,,,,,,,,,,,,,,,2366639899,2514184550,2669203922,2708129812,2848897767,3105460504,2924018371,2937877337,3212921492,3817314308,4850813033,6460691575,7558881261,8420004402,7741256729,8432540477,9353253352,9646888123,10166440957,10656765245,10969099860,10684340036,11550663459,
Low income,LIC,"International tourism, expenditures (current US$)",ST.INT.XPND.CD,,,,,,,,,,,,,,,,,,,,,,,,,,,,,,,,,,,,2255803200,2435630987,2518457322,2685301516,2708912022,2645032487,2713794989,2877381177,2883769897,3236159917,3594424547,3974968353,4728074099,5801241357,5929268290,6734334968,6488862211,6294592813,6385648334,7203946519,7898493801,6707529862,,
Liechtenstein,LIE,"International tourism, expenditures (current US$)",ST.INT.XPND.CD,,,,,,,,,,,,,,,,,,,,,,,,,,,,,,,,,,,,,,,,,,,,,,,,,,,,,,,,,,,
Sri Lanka,LKA,"International tourism, expenditures (current US$)",ST.INT.XPND.CD,,,,,,,,,,,,,,,,,,,,,,,,,,,,,,,,,,,,279000000,267000000,280000000,326000000,341000000,383000000,402000000,438000000,462000000,499000000,552000000,666000000,709000000,777000000,735000000,828000000,926000000,1219000000,1808000000,1922000000,2152000000,2295000000,2409000000,
Lower middle income,LMC,"International tourism, expenditures (current US$)",ST.INT.XPND.CD,,,,,,,,,,,,,,,,,,,,,,,,,,,,,,,,,,,,9426441028,11301402229,12660013157,12766392664,12244931229,15228068302,16521170507,18536256375,20612091367,25450269943,31890944506,38783983811,48692778091,60257440865,46945292528,55079327515,62963739944,66769135543,70925443546,78111749527,80245009767,80775285237,91304394708,
Low & middle income,LMY,"International tourism, expenditures (current US$)",ST.INT.XPND.CD,,,,,,,,,,,,,,,,,,,,,,,,,,,,,,,,,,,,60824671529,65480207853,74130585502,71961791326,70709478982,82257787383,86262517315,93844536554,1.01233E+11,1.2232E+11,1.38401E+11,1.5725E+11,1.92197E+11,2.26742E+11,2.14717E+11,2.57946E+11,3.04266E+11,3.54086E+11,4.07486E+11,5.15092E+11,5.12022E+11,5.0116E+11,5.44615E+11,
Lesotho,LSO,"International tourism, expenditures (current US$)",ST.INT.XPND.CD,,,,,,,,,,,,,,,,,,,,,,,,,,,,,,,,,,,,17000000,16000000,17000000,16000000,17000000,195000000,166000000,164000000,242000000,278000000,271000000,263000000,276000000,248000000,247000000,278000000,300000000,252000000,212000000,177000000,180000000,178000000,193000000,
Late-demographic dividend,LTE,"International tourism, expenditures (current US$)",ST.INT.XPND.CD,,,,,,,,,,,,,,,,,,,,,,,,,,,,,,,,,,,,51064652349,53836823268,59791075596,56010200720,52485737806,59433146164,63135699872,67914824098,73479194871,90070797835,1.01958E+11,1.19335E+11,1.45554E+11,1.7215E+11,1.61603E+11,1.91485E+11,2.38665E+11,2.9097E+11,3.39192E+11,4.42466E+11,4.34587E+11,4.2775E+11,4.57902E+11,
Lithuania,LTU,"International tourism, expenditures (current US$)",ST.INT.XPND.CD,,,,,,,,,,,,,,,,,,,,,,,,,,,,,,,,,,,,107000000,270000000,289000000,304000000,350000000,261000000,227000000,334000000,476000000,643000000,743000000,909000000,1144000000,1530000000,1119000000,849000000,859000000,925000000,1069000000,1058000000,1131000000,1218000000,1312000000,
Luxembourg,LUX,"International tourism, expenditures (current US$)",ST.INT.XPND.CD,,,,,,,,,,,,,,,,,,,,,,,,,,,,,,,,,,,,1193000000,1189000000,1115000000,1335000000,1316000000,1309000000,1464000000,1936000000,2445000000,2920000000,3015000000,3058000000,3491000000,3839000000,3670000000,3626000000,3873000000,3094000000,3292000000,3355000000,2873000000,2912000000,3033000000,
Latvia,LVA,"International tourism, expenditures (current US$)",ST.INT.XPND.CD,,,,,,,,,,,,,,,,,,,,,,,,,,,,,,,,,,,,62000000,407000000,379000000,355000000,321000000,281000000,255000000,267000000,365000000,428000000,655000000,788000000,1021000000,1139000000,798000000,648000000,765000000,680000000,900000000,887000000,801000000,880000000,814000000,
"Macao SAR, China",MAC,"International tourism, expenditures (current US$)",ST.INT.XPND.CD,,,,,,,,,,,,,,,,,,,,,,,,,,,,,,,,,,,,,,,,,,,512000000,471000000,529000000,475000000,506000000,608000000,695000000,714000000,883000000,1064000000,1155000000,1236000000,1344000000,1336000000,1306000000,1244000000,
St. Martin (French part),MAF,"International tourism, expenditures (current US$)",ST.INT.XPND.CD,,,,,,,,,,,,,,,,,,,,,,,,,,,,,,,,,,,,,,,,,,,,,,,,,,,,,,,,,,,
Morocco,MAR,"International tourism, expenditures (current US$)",ST.INT.XPND.CD,,,,,,,,,,,,,,,,,,,,,,,,,,,,,,,,,,,,356000000,353000000,363000000,496000000,578000000,506000000,589000000,669000000,845000000,912000000,999000000,1113000000,1418000000,1910000000,1713000000,1879000000,2260000000,2095000000,2002000000,2273000000,2155000000,2309000000,2829000000,
Monaco,MCO,"International tourism, expenditures (current US$)",ST.INT.XPND.CD,,,,,,,,,,,,,,,,,,,,,,,,,,,,,,,,,,,,,,,,,,,,,,,,,,,,,,,,,,,
Moldova,MDA,"International tourism, expenditures (current US$)",ST.INT.XPND.CD,,,,,,,,,,,,,,,,,,,,,,,,,,,,,,,,,,,,73000000,77000000,75000000,73000000,69000000,86000000,90000000,109000000,118000000,135000000,170000000,224000000,290000000,359000000,307000000,298000000,349000000,396000000,428000000,442000000,370000000,333000000,381000000,
Madagascar,MDG,"International tourism, expenditures (current US$)",ST.INT.XPND.CD,,,,,,,,,,,,,,,,,,,,,,,,,,,,,,,,,,,,79000000,89000000,101000000,140000000,133000000,139000000,179000000,192000000,67000000,108000000,164000000,167000000,188000000,264000000,225000000,216000000,288000000,235000000,256000000,317000000,240000000,300000000,319000000,
Maldives,MDV,"International tourism, expenditures (current US$)",ST.INT.XPND.CD,,,,,,,,,,,,,,,,,,,,,,,,,,,,,,,,,,,,41000000,48000000,51000000,55000000,58000000,60000000,59000000,60000000,60000000,75000000,94000000,106000000,152000000,211000000,212000000,252000000,231000000,207000000,252000000,271000000,309000000,347000000,365000000,
Middle East & North Africa,MEA,"International tourism, expenditures (current US$)",ST.INT.XPND.CD,,,,,,,,,,,,,,,,,,,,,,,,,,,,,,,,,,,,,,,,,,,30450540842,29195513543,32142654447,41185906757,52120505526,69209148511,70959049816,72353771601,79686376962,84007943086,88928697015,95605282548,1.06946E+11,1.03801E+11,1.06288E+11,1.08272E+11,
Mexico,MEX,"International tourism, expenditures (current US$)",ST.INT.XPND.CD,,,,,,,,,,,,,,,,,,,,,,,,,,,,,,,,,,,,3587000000,3963000000,4554000000,4834000000,5192000000,6365000000,6685000000,7087000000,7252000000,8034000000,8951000000,9387000000,9918000000,10246000000,8737000000,9001000000,9704000000,10735000000,11970000000,12556000000,12668000000,12823000000,13648000000,
Marshall Islands,MHL,"International tourism, expenditures (current US$)",ST.INT.XPND.CD,,,,,,,,,,,,,,,,,,,,,,,,,,,,,,,,,,,,,,,,100000,200000,300000,300000,300000,400000,25500000,23100000,24300000,24500000,24550000,21990000,23800000,25500000,24700000,23800000,26200000,27000000,,
Middle income,MIC,"International tourism, expenditures (current US$)",ST.INT.XPND.CD,,,,,,,,,,,,,,,,,,,,,,,,,,,,,,,,,,,,58706675463,63194221502,71745213810,69448109910,68184151232,79719067921,83652259992,91070042582,98419972414,1.19128E+11,1.3485E+11,1.53314E+11,1.87503E+11,2.21004E+11,2.0889E+11,2.51301E+11,2.97742E+11,3.47461E+11,4.00518E+11,5.06932E+11,5.03355E+11,4.93428E+11,5.36561E+11,
North Macedonia,MKD,"International tourism, expenditures (current US$)",ST.INT.XPND.CD,,,,,,,,,,,,,,,,,,,,,,,,,,,,,,,,,,,,27000000,30000000,33000000,39000000,42000000,58000000,60000000,60000000,71000000,85000000,97000000,110000000,147000000,190000000,150000000,131000000,159000000,153000000,168000000,186000000,189000000,204000000,233000000,
Mali,MLI,"International tourism, expenditures (current US$)",ST.INT.XPND.CD,,,,,,,,,,,,,,,,,,,,,,,,,,,,,,,,,,,,74000000,69000000,65000000,67000000,65000000,66000000,65000000,62000000,94000000,125000000,133000000,196000000,201000000,228000000,191000000,167000000,171000000,164000000,189000000,231000000,150000000,,,
Malta,MLT,"International tourism, expenditures (current US$)",ST.INT.XPND.CD,,,,,,,,,,,,,,,,,,,,,,,,,,,,,,,,,,,,237000000,244000000,216000000,221000000,231000000,224000000,204000000,180000000,238000000,291000000,311000000,362000000,284000000,307000000,291000000,309000000,333000000,339000000,384000000,397000000,368000000,408000000,472000000,
Myanmar,MMR,"International tourism, expenditures (current US$)",ST.INT.XPND.CD,,,,,,,,,,,,,,,,,,,,,,,,,,,,,,,,,,,,18000000,28000000,38000000,31000000,26000000,30000000,32000000,34000000,36000000,32000000,34000000,40000000,39000000,49700000,52000000,53000000,132000000,265000000,131000000,119000000,146000000,201000000,136000000,
Middle East & North Africa (excluding high income),MNA,"International tourism, expenditures (current US$)",ST.INT.XPND.CD,,,,,,,,,,,,,,,,,,,,,,,,,,,,,,,,,,,,5600135078,5495985524,6162542673,6215023228,7023467239,6597671397,7128022571,12144514366,13298043356,14548534746,14965400000,16463000000,20690200000,23976500000,24996500000,29326500000,28099092650,26575655269,28913307249,30365660087,30335413204,31258897780,,
Montenegro,MNE,"International tourism, expenditures (current US$)",ST.INT.XPND.CD,,,,,,,,,,,,,,,,,,,,,,,,,,,,,,,,,,,,,,,,,,,,,,,,58000000,80000000,76000000,72000000,70000000,67000000,81000000,79000000,68000000,91000000,91000000,
Mongolia,MNG,"International tourism, expenditures (current US$)",ST.INT.XPND.CD,,,,,,,,,,,,,,,,,,,,,,,,,,,,,,,,,,,,22000000,37000000,19000000,50000000,45000000,54000000,59000000,125000000,144000000,207000000,142000000,196000000,218000000,249000000,242000000,319000000,460000000,558000000,643000000,529000000,473000000,536000000,618000000,
Northern Mariana Islands,MNP,"International tourism, expenditures (current US$)",ST.INT.XPND.CD,,,,,,,,,,,,,,,,,,,,,,,,,,,,,,,,,,,,,,,,,,,,,,,,,,,,,,,,,,,
Mozambique,MOZ,"International tourism, expenditures (current US$)",ST.INT.XPND.CD,,,,,,,,,,,,,,,,,,,,,,,,,,,,,,,,,,,,,68000000,82000000,97000000,140000000,122000000,132000000,115000000,141000000,140000000,187000000,196000000,209000000,241000000,247000000,247000000,264000000,247000000,313000000,331000000,322000000,290000000,237000000,
Mauritania,MRT,"International tourism, expenditures (current US$)",ST.INT.XPND.CD,,,,,,,,,,,,,,,,,,,,,,,,,,,,,,,,,,,,30000000,41000000,53000000,47000000,55000000,,,,,,,,,,,,,101000000,105000000,112000000,73000000,74000000,61000000,
Mauritius,MUS,"International tourism, expenditures (current US$)",ST.INT.XPND.CD,,,,,,,,,,,,,,,,,,,,,,,,,,,,,,,,,,,,184000000,205000000,194000000,203000000,210000000,203000000,216000000,223000000,236000000,277000000,295000000,347000000,384000000,489000000,384000000,423000000,427000000,394000000,458000000,503000000,616000000,683000000,738000000,
Malawi,MWI,"International tourism, expenditures (current US$)",ST.INT.XPND.CD,,,,,,,,,,,,,,,,,,,,,,,,,,,,,,,,,,,,53000000,64000000,81000000,49000000,52000000,53000000,52000000,86000000,70000000,70000000,84000000,85000000,79000000,86000000,91000000,90000000,92000000,96000000,90000000,106000000,120000000,101000000,120000000,
Malaysia,MYS,"International tourism, expenditures (current US$)",ST.INT.XPND.CD,,,,,,,,,,,,,,,,,,,,,,,,,,,,,,,,,,,,2722000000,3032000000,3158000000,2160000000,2382000000,2543000000,3391000000,3330000000,3401000000,3822000000,4339000000,5085000000,6600000000,7724000000,7196000000,8324000000,10180000000,12217000000,12236000000,12442000000,10708000000,10472000000,10699000000,
North America,NAC,"International tourism, expenditures (current US$)",ST.INT.XPND.CD,,,,,,,,,,,,,,,,,,,,,,,,,,,,,,,,,,,,73886326040,79492463560,86316672805,92039103592,96755998627,1.06867E+11,1.00497E+11,96360000000,98648000000,1.14248E+11,1.24399E+11,1.33309E+11,1.4434E+11,1.54141E+11,1.33425E+11,1.47441E+11,1.58008E+11,1.73239E+11,1.73562E+11,1.82605E+11,1.86779E+11,1.90061E+11,2.06104E+11,
Namibia,NAM,"International tourism, expenditures (current US$)",ST.INT.XPND.CD,,,,,,,,,,,,,,,,,,,,,,,,,,,,,,,,,,,,90000000,89000000,99000000,88000000,89000000,86000000,71000000,65000000,101000000,123000000,108000000,118000000,132000000,114000000,40000000,42000000,55000000,53000000,47000000,67000000,72000000,82000000,79000000,
New Caledonia,NCL,"International tourism, expenditures (current US$)",ST.INT.XPND.CD,,,,,,,,,,,,,,,,,,,,,,,,,,,,,,,,,,,,,,,,,,,104000000,128000000,167000000,122000000,129000000,149000000,354000000,330000000,343000000,356000000,336000000,333000000,328000000,253000000,252000000,,
Niger,NER,"International tourism, expenditures (current US$)",ST.INT.XPND.CD,,,,,,,,,,,,,,,,,,,,,,,,,,,,,,,,,,,,26000000,59000000,50000000,39000000,35000000,32000000,33000000,29000000,39000000,42000000,42000000,42000000,48000000,98000000,84000000,95000000,57000000,132000000,81000000,129000000,140000000,111000000,,
Nigeria,NGA,"International tourism, expenditures (current US$)",ST.INT.XPND.CD,,,,,,,,,,,,,,,,,,,,,,,,,,,,,,,,,,,,938000000,1318000000,1840000000,1589000000,640000000,610000000,858000000,910000000,2076000000,,501000000,3536000000,6665000000,11007000000,6236000000,8348000000,9533000000,9240000000,9152000000,9123000000,9255000000,4520000000,8181000000,
Nicaragua,NIC,"International tourism, expenditures (current US$)",ST.INT.XPND.CD,,,,,,,,,,,,,,,,,,,,,,,,,,,,,,,,,,,,56000000,79000000,86000000,94000000,114000000,126000000,128000000,125000000,139000000,154000000,162000000,224000000,238000000,265000000,256000000,225000000,240000000,241000000,277000000,286000000,273000000,310000000,364000000,
Netherlands,NLD,"International tourism, expenditures (current US$)",ST.INT.XPND.CD,,,,,,,,,,,,,,,,,,,,,,,,,,,,,,,,,,,,13151000000,13709000000,12555000000,13474000000,13468000000,13649000000,13061000000,14201000000,15887000000,16937000000,13724000000,14588000000,17277000000,19805000000,18628000000,19044000000,20741000000,20094000000,21009000000,23655000000,20234000000,20461000000,22044000000,
Norway,NOR,"International tourism, expenditures (current US$)",ST.INT.XPND.CD,,,,,,,,,,,,,,,,,,,,,,,,,,,,,,,,,,,,4481000000,4759000000,4756000000,5069000000,5185000000,4893000000,4718000000,5610000000,7089000000,8894000000,10400000000,11273000000,13256000000,15118000000,13221000000,14658000000,16958000000,18131000000,20116000000,20166000000,16485000000,16384000000,17800000000,
Nepal,NPL,"International tourism, expenditures (current US$)",ST.INT.XPND.CD,,,,,,,,,,,,,,,,,,,,,,,,,,,,,,,,,,,,167000000,155000000,141000000,107000000,116000000,109000000,128000000,108000000,119000000,205000000,221000000,261000000,402000000,545000000,572000000,528000000,420000000,562000000,598000000,680000000,669000000,634000000,889000000,
Nauru,NRU,"International tourism, expenditures (current US$)",ST.INT.XPND.CD,,,,,,,,,,,,,,,,,,,,,,,,,,,,,,,,,,,,,,,,,,,,,,,,,,,,,,,,,,,
New Zealand,NZL,"International tourism, expenditures (current US$)",ST.INT.XPND.CD,,,,,,,,,,,,,,,,,,,,,,,,,,,,,,,,,,,,1259000000,1466000000,1461000000,1383000000,1430000000,1235000000,1255000000,1386000000,1649000000,2229000000,2671000000,2535000000,3077000000,3006000000,2580000000,3039000000,3461000000,3715000000,3861000000,4108000000,3721000000,3974000000,4445000000,
OECD members,OED,"International tourism, expenditures (current US$)",ST.INT.XPND.CD,,,,,,,,,,,,,,,,,,,,,,,,,,,,,,,,,,,,3.64183E+11,3.81225E+11,3.72173E+11,3.80974E+11,4.0152E+11,4.15462E+11,4.00415E+11,4.16477E+11,4.69209E+11,5.45351E+11,5.82185E+11,6.02119E+11,6.79435E+11,7.2735E+11,6.30196E+11,6.60429E+11,7.15352E+11,7.23203E+11,7.4363E+11,7.71912E+11,7.2037E+11,7.40207E+11,7.76008E+11,
Oman,OMN,"International tourism, expenditures (current US$)",ST.INT.XPND.CD,,,,,,,,,,,,,,,,,,,,,,,,,,,,,,,,,,,,,349000000,347000000,542000000,583000000,629000000,703000000,702000000,804000000,823000000,863000000,894000000,952000000,1197000000,1295000000,1243000000,1493000000,1644000000,1824000000,2081000000,2208000000,2643000000,2916000000,
Other small states,OSS,"International tourism, expenditures (current US$)",ST.INT.XPND.CD,,,,,,,,,,,,,,,,,,,,,,,,,,,,,,,,,,,,2443702011,2463675945,2500526973,2728193910,2997069975,3244668632,3273544638,3394051716,4008539350,4802054563,6228341058,8537193011,10099602066,11190645234,9146781939,9258406214,16642703823,19633047084,21342500182,22950489153,21213709807,24824956308,24767817028,
Pakistan,PAK,"International tourism, expenditures (current US$)",ST.INT.XPND.CD,,,,,,,,,,,,,,,,,,,,,,,,,,,,,,,,,,,,654000000,1018000000,591000000,565000000,447000000,574000000,555000000,491000000,1163000000,1612000000,1753000000,2029000000,2075000000,2163000000,1098000000,1370000000,1857000000,1851000000,1638000000,2209000000,2642000000,2962000000,3223000000,
Panama,PAN,"International tourism, expenditures (current US$)",ST.INT.XPND.CD,,,,,,,,,,,,,,,,,,,,,,,,,,,,,,,,,,,,181000000,210000000,243000000,245000000,259000000,241000000,227000000,252000000,267000000,294000000,388000000,403000000,457000000,560000000,503000000,575000000,679000000,591000000,1078000000,1147000000,1272000000,1129000000,1128000000,
Peru,PER,"International tourism, expenditures (current US$)",ST.INT.XPND.CD,,,,,,,,,,,,,,,,,,,,,,,,,,,,,,,,,,,,428000000,492000000,608000000,642000000,652000000,641000000,773000000,806000000,847000000,852000000,970000000,1047000000,1243000000,1432000000,1404000000,1640000000,1768000000,1900000000,2119000000,2119000000,2527000000,2687000000,2916000000,
Philippines,PHL,"International tourism, expenditures (current US$)",ST.INT.XPND.CD,,,,,,,,,,,,,,,,,,,,,,,,,,,,,,,,,,,,551000000,1287000000,1969000000,2022000000,1737000000,1841000000,1918000000,1874000000,1649000000,1526000000,3286000000,3075000000,3351000000,4285000000,4056000000,5964000000,6055000000,7140000000,8400000000,11130000000,11868000000,11681000000,12786000000,
Palau,PLW,"International tourism, expenditures (current US$)",ST.INT.XPND.CD,,,,,,,,,,,,,,,,,,,,,,,,,,,,,,,,,,,,,,,2000000,2000000,11500000,14100000,18200000,16400000,18200000,18000000,17400000,17100000,19100000,16100000,15200000,17000000,19400000,18500000,17200000,21900000,23800000,,
Papua New Guinea,PNG,"International tourism, expenditures (current US$)",ST.INT.XPND.CD,,,,,,,,,,,,,,,,,,,,,,,,,,,,,,,,,,,,58000000,72000000,78000000,52000000,53000000,50000000,38000000,60000000,52000000,71900000,56200000,43000000,81000000,75000000,132000000,138000000,186000000,203000000,214000000,168000000,135000000,126000000,165000000,
Poland,POL,"International tourism, expenditures (current US$)",ST.INT.XPND.CD,,,,,,,,,,,,,,,,,,,,,,,,,,,,,,,,,,,,5865000000,6357000000,5855000000,4524000000,3810000000,3417000000,3595000000,3440000000,3286000000,5092000000,5894000000,7653000000,8339000000,10689000000,7891000000,9100000000,8882000000,9129000000,9132000000,9540000000,8523000000,8617000000,9567000000,
Pre-demographic dividend,PRE,"International tourism, expenditures (current US$)",ST.INT.XPND.CD,,,,,,,,,,,,,,,,,,,,,,,,,,,,,,,,,,,,,,,,,,,,,,5681987248,10298467461,14647125013,19866675265,14696890908,17386806422,19824064204,19617000178,20795619736,22631300556,23340831130,17563192290,24739261033,
Puerto Rico,PRI,"International tourism, expenditures (current US$)",ST.INT.XPND.CD,,,,,,,,,,,,,,,,,,,,,,,,,,,,,,,,,,,,1155000000,1137000000,1235000000,1242000000,1172000000,1333000000,1456000000,1319000000,1420000000,1584000000,1663000000,1752000000,1743000000,1761000000,1386000000,1180000000,1196000000,1156000000,1139000000,1088000000,977000000,1013000000,1035000000,
"Korea, Dem. People’s Rep.",PRK,"International tourism, expenditures (current US$)",ST.INT.XPND.CD,,,,,,,,,,,,,,,,,,,,,,,,,,,,,,,,,,,,,,,,,,,,,,,,,,,,,,,,,,,
Portugal,PRT,"International tourism, expenditures (current US$)",ST.INT.XPND.CD,,,,,,,,,,,,,,,,,,,,,,,,,,,,,,,,,,,,2539000000,2701000000,2491000000,2776000000,2757000000,2753000000,2604000000,2631000000,2981000000,3367000000,3742000000,4146000000,4866000000,5286000000,4605000000,4692000000,4948000000,4485000000,4978000000,5380000000,4782000000,4908000000,5647000000,
Paraguay,PRY,"International tourism, expenditures (current US$)",ST.INT.XPND.CD,,,,,,,,,,,,,,,,,,,,,,,,,,,,,,,,,,,,173000000,185000000,211000000,223000000,181000000,154000000,130000000,117000000,115000000,121000000,130000000,144000000,184000000,214000000,231000000,261000000,308000000,363000000,425000000,449000000,494000000,512000000,545000000,
West Bank and Gaza,PSE,"International tourism, expenditures (current US$)",ST.INT.XPND.CD,,,,,,,,,,,,,,,,,,,,,,,,,,,,,,,,,,,,162000000,191000000,218000000,295000000,301000000,290000000,361000000,373000000,312000000,336000000,223000000,211000000,395000000,477000000,479000000,521000000,603000000,646000000,643000000,520000000,610000000,625000000,773000000,
Pacific island small states,PSS,"International tourism, expenditures (current US$)",ST.INT.XPND.CD,,,,,,,,,,,,,,,,,,,,,,,,,,,,,,,,,,,,139007318.1,150013061.1,147740135.9,116831192.6,128480382.1,157605733.8,143630262.7,143630262.7,164573958.3,213785920.8,261341722,247022882.4,256955496.1,297266032,303728337,323613918.2,364484181.3,372676552.2,355732083.1,328272062.6,341902340.2,361162623.2,,
Post-demographic dividend,PST,"International tourism, expenditures (current US$)",ST.INT.XPND.CD,,,,,,,,,,,,,,,,,,,,,,,,,,,,,,,,,,,,3.64965E+11,3.81481E+11,3.72256E+11,3.80922E+11,4.03446E+11,4.16086E+11,4.02432E+11,4.19827E+11,4.7031E+11,5.47346E+11,5.80586E+11,5.99422E+11,6.75574E+11,7.2342E+11,6.31506E+11,6.64285E+11,7.23439E+11,7.35206E+11,7.55618E+11,7.8281E+11,7.3066E+11,7.51465E+11,7.87648E+11,
French Polynesia,PYF,"International tourism, expenditures (current US$)",ST.INT.XPND.CD,,,,,,,,,,,,,,,,,,,,,,,,,,,,,,,,,,,,,,,,,,,264000000,335000000,425000000,430000000,122000000,153000000,388000000,339000000,335000000,327000000,300000000,293000000,312000000,277000000,226000000,,
Qatar,QAT,"International tourism, expenditures (current US$)",ST.INT.XPND.CD,,,,,,,,,,,,,,,,,,,,,,,,,,,,,,,,,,,,,,,,320000000,307000000,366000000,423000000,471000000,691000000,1759000000,3751000000,,,,,7813000000,10702000000,11729000000,12871000000,11641000000,13152000000,12284000000,
Romania,ROU,"International tourism, expenditures (current US$)",ST.INT.XPND.CD,,,,,,,,,,,,,,,,,,,,,,,,,,,,,,,,,,,,749000000,716000000,699000000,504000000,428000000,447000000,475000000,448000000,572000000,672000000,1071000000,1457000000,1723000000,2407000000,1766000000,1897000000,2294000000,2108000000,2176000000,2636000000,2330000000,2464000000,4228000000,
Russian Federation,RUS,"International tourism, expenditures (current US$)",ST.INT.XPND.CD,,,,,,,,,,,,,,,,,,,,,,,,,,,,,,,,,,,,11599000000,10011000000,10113000000,8677000000,7097000000,8848000000,9760000000,11362000000,13427000000,16082000000,17963000000,18850000000,22456000000,26401000000,23785000000,30169000000,37343000000,48096000000,59504000000,55383000000,38434000000,27653000000,35585000000,
Rwanda,RWA,"International tourism, expenditures (current US$)",ST.INT.XPND.CD,,,,,,,,,,,,,,,,,,,,,,,,,,,,,,,,,,,,13000000,19000000,22000000,25000000,28000000,35000000,33000000,24000000,26000000,31000000,75000000,84000000,98000000,146000000,148000000,120000000,142000000,133000000,126000000,133000000,295000000,309000000,347000000,
South Asia,SAS,"International tourism, expenditures (current US$)",ST.INT.XPND.CD,,,,,,,,,,,,,,,,,,,,,,,,,,,,,,,,,,,,2379258890,2661237696,2728471076,3070658880,3358658585,5301402242,5872384237,5776049840,6600913108,8646012061,11307249757,12323778334,14608630677,16607000000,12682000000,14452000000,18265000000,19014000000,19693000000,23541000000,24480000000,26406000000,30053000000,
Saudi Arabia,SAU,"International tourism, expenditures (current US$)",ST.INT.XPND.CD,,,,,,,,,,,,,,,,,,,,,,,,,,,,,,,,,,,,,,,,,,,7370000000,4165000000,4428000000,9087000000,12979000000,21031000000,16005000000,21312000000,22076000000,18202000000,17986000000,18648000000,25137000000,20366000000,17671000000,18745000000,
Sudan,SDN,"International tourism, expenditures (current US$)",ST.INT.XPND.CD,,,,,,,,,,,,,,,,,,,,,,,,,,,,,,,,,,,,43000000,28000000,33000000,29000000,35000000,55000000,74000000,91000000,119000000,176000000,667000000,1414000000,1477000000,1268000000,868000000,1127000000,937000000,699000000,460000000,439000000,195000000,203000000,29000000,
Senegal,SEN,"International tourism, expenditures (current US$)",ST.INT.XPND.CD,,,,,,,,,,,,,,,,,,,,,,,,,,,,,,,,,,,,154000000,127000000,128000000,135000000,136000000,125000000,112000000,112000000,129000000,138000000,144000000,139000000,352000000,276000000,258000000,217000000,250000000,248000000,265000000,279000000,,,,
Singapore,SGP,"International tourism, expenditures (current US$)",ST.INT.XPND.CD,,,,,,,,,,,,,,,,,,,,,,,,,,,,,,,,,,,,4663000000,5015000000,4358000000,3222000000,4217000000,4535000000,6600000000,8212000000,8382000000,9291000000,10070000000,11268000000,13503000000,16340000000,15704000000,18700000000,21406000000,23121000000,24383000000,25519000000,23702000000,23838000000,24543000000,
Solomon Islands,SLB,"International tourism, expenditures (current US$)",ST.INT.XPND.CD,,,,,,,,,,,,,,,,,,,,,,,,,,,,,,,,,,,,17400000,18500000,14800000,10200000,11400000,12200000,10500000,8500000,6400000,12300000,11200000,26500000,35600000,40500000,37800000,51200000,66000000,68100000,68300000,65600000,60700000,74900000,72700000,
Sierra Leone,SLE,"International tourism, expenditures (current US$)",ST.INT.XPND.CD,,,,,,,,,,,,,,,,,,,,,,,,,,,,,,,,,,,,50500000,36500000,18100000,13200000,44200000,34500000,42200000,39100000,37800000,30300000,33600000,15000000,17000000,24400000,26000000,22000000,26000000,32000000,71000000,45000000,34000000,37000000,,
El Salvador,SLV,"International tourism, expenditures (current US$)",ST.INT.XPND.CD,,,,,,,,,,,,,,,,,,,,,,,,,,,,,,,,,,,,99000000,102000000,153000000,179000000,205000000,219000000,247000000,266000000,311000000,373000000,288000000,307000000,363000000,326000000,253000000,280000000,244000000,287000000,270000000,277000000,332000000,451000000,466000000,
San Marino,SMR,"International tourism, expenditures (current US$)",ST.INT.XPND.CD,,,,,,,,,,,,,,,,,,,,,,,,,,,,,,,,,,,,,,,,,,,,,,,,,,,,,,,,,,,
Somalia,SOM,"International tourism, expenditures (current US$)",ST.INT.XPND.CD,,,,,,,,,,,,,,,,,,,,,,,,,,,,,,,,,,,,,,,,,,,,,,,,,,,,,,,,,,,
Serbia,SRB,"International tourism, expenditures (current US$)",ST.INT.XPND.CD,,,,,,,,,,,,,,,,,,,,,,,,,,,,,,,,,,,,,,,,,,,105000000,144000000,208000000,260000000,322000000,1203000000,1448000000,1105000000,1103000000,1263000000,1188000000,1290000000,1360000000,1254000000,1351000000,1548000000,
Sub-Saharan Africa (excluding high income),SSA,"International tourism, expenditures (current US$)",ST.INT.XPND.CD,,,,,,,,,,,,,,,,,,,,,,,,,,,,,,,,,,,,,,,,,,,,,,12023214310,17408904451,22880642739,29055580928,22861398327,26944368583,29667961082,27497120801,26876765375,27553987183,27993343871,21953606996,27299493918,
South Sudan,SSD,"International tourism, expenditures (current US$)",ST.INT.XPND.CD,,,,,,,,,,,,,,,,,,,,,,,,,,,,,,,,,,,,,,,,,,,,,,,,,,,,,,,38000000,539000000,144000000,108000000,
Sub-Saharan Africa,SSF,"International tourism, expenditures (current US$)",ST.INT.XPND.CD,,,,,,,,,,,,,,,,,,,,,,,,,,,,,,,,,,,,,,,,,,,,,,12083840002,17465080231,22953829271,29118159456,22916605988,27006231140,29731480700,27553631639,26937668280,27617963791,28045334232,22048343827,27405125142,
Small states,SST,"International tourism, expenditures (current US$)",ST.INT.XPND.CD,,,,,,,,,,,,,,,,,,,,,,,,,,,,,,,,,,,,3282145138,3443269396,3540804903,3769012009,4118928400,4523147028,4496338569,4667806626,5323911447,6303059869,8031758696,10279650089,11799656183,12641626005,10642145948,10756422338,17967820083,21176241983,22681540941,24514983446,22966584598,26630253376,26686396640,
Sao Tome and Principe,STP,"International tourism, expenditures (current US$)",ST.INT.XPND.CD,,,,,,,,,,,,,,,,,,,,,,,,,,,,,,,,,,,,,,,1900000,2200000,2200000,2000000,1800000,1800000,2100000,500000,1100000,700000,310000,410000,550000,1350000,3200000,3100000,18000000,22100000,20600000,17200000,
Suriname,SUR,"International tourism, expenditures (current US$)",ST.INT.XPND.CD,,,,,,,,,,,,,,,,,,,,,,,,,,,,,,,,,,,,27000000,38000000,41000000,49000000,47000000,67000000,62000000,54000000,68000000,85000000,94000000,33000000,28000000,35000000,35000000,41000000,49000000,58000000,75000000,90000000,128000000,112000000,99000000,
Slovak Republic,SVK,"International tourism, expenditures (current US$)",ST.INT.XPND.CD,,,,,,,,,,,,,,,,,,,,,,,,,,,,,,,,,,,,338000000,517000000,484000000,527000000,387000000,341000000,340000000,506000000,662000000,900000000,1122000000,1230000000,1825000000,2596000000,2249000000,2146000000,2449000000,2310000000,2523000000,2581000000,2265000000,2419000000,2597000000,
Slovenia,SVN,"International tourism, expenditures (current US$)",ST.INT.XPND.CD,,,,,,,,,,,,,,,,,,,,,,,,,,,,,,,,,,,,606000000,638000000,554000000,601000000,579000000,544000000,560000000,647000000,805000000,937000000,1019000000,1058000000,1261000000,1610000000,1456000000,1377000000,1315000000,1081000000,1081000000,1149000000,1051000000,1126000000,1141000000,
Sweden,SWE,"International tourism, expenditures (current US$)",ST.INT.XPND.CD,,,,,,,,,,,,,,,,,,,,,,,,,,,,,,,,,,,,6816000000,7642000000,6850000000,8591000000,8927000000,8959000000,7916000000,8221000000,9375000000,11088000000,11088000000,11159000000,13646000000,14622000000,12075000000,13973000000,13998000000,13954000000,15334000000,15823000000,14410000000,14899000000,17097000000,
Eswatini,SWZ,"International tourism, expenditures (current US$)",ST.INT.XPND.CD,,,,,,,,,,,,,,,,,,,,,,,,,,,,,,,,,,,,45000000,44000000,40000000,60000000,35000000,32000000,31000000,26000000,23000000,54000000,60000000,54000000,63000000,59000000,98000000,87000000,35000000,53000000,48000000,62000000,64000000,33000000,74000000,
Sint Maarten (Dutch part),SXM,"International tourism, expenditures (current US$)",ST.INT.XPND.CD,,,,,,,,,,,,,,,,,,,,,,,,,,,,,,,,,,,,59000000,62000000,65000000,99000000,171000000,127000000,137000000,140000000,144000000,80000000,94000000,86000000,83400000,88100000,104000000,105000000,112000000,120000000,114000000,117000000,118000000,114000000,100000000,
Seychelles,SYC,"International tourism, expenditures (current US$)",ST.INT.XPND.CD,,,,,,,,,,,,,,,,,,,,,,,,,,,,,,,,,,,,34000000,31000000,31000000,29000000,28000000,44000000,41000000,53000000,54000000,53000000,59000000,56000000,73000000,64000000,56000000,63000000,65000000,58000000,62000000,65000000,54000000,92000000,104000000,
Syrian Arab Republic,SYR,"International tourism, expenditures (current US$)",ST.INT.XPND.CD,,,,,,,,,,,,,,,,,,,,,,,,,,,,,,,,,,,,498000000,513000000,545000000,583000000,631000000,669000000,670000000,760000000,734000000,688000000,584000000,585000000,710000000,911000000,980000000,1598000000,850000000,,,,,,,
Turks and Caicos Islands,TCA,"International tourism, expenditures (current US$)",ST.INT.XPND.CD,,,,,,,,,,,,,,,,,,,,,,,,,,,,,,,,,,,,153000000,174000000,235000000,194000000,,,,,,,,,,,,,,,,6700000,6700000,6700000,,
Chad,TCD,"International tourism, expenditures (current US$)",ST.INT.XPND.CD,,,,,,,,,,,,,,,,,,,,,,,,,,,,,,,,,,,,38000000,49000000,53000000,66000000,53000000,56000000,56000000,80000000,,,,,,,,,,,,,,,,
East Asia & Pacific (IDA & IBRD countries),TEA,"International tourism, expenditures (current US$)",ST.INT.XPND.CD,,,,,,,,,,,,,,,,,,,,,,,,,,,,,,,,,,,,14530532180,16633406538,21316913729,19211842784,21755199193,25892232659,27999951822,32039683746,30879100041,38077891687,40582989216,45882109532,55229150568,65923782123,69755547332,87469619939,1.0851E+11,1.42848E+11,1.72556E+11,2.75469E+11,2.9819E+11,3.00987E+11,3.12151E+11,
Europe & Central Asia (IDA & IBRD countries),TEC,"International tourism, expenditures (current US$)",ST.INT.XPND.CD,,,,,,,,,,,,,,,,,,,,,,,,,,,,,,,,,,,,21530599903,21111765043,21530116391,19091266609,16423124182,18448328369,20358685534,22827896512,25671497206,33895222253,38718648294,42963230552,51665277321,61564085131,53526426073,61803227149,71695103306,83979520943,98842819195,95510087716,75441292498,65102482298,79431887027,
Togo,TGO,"International tourism, expenditures (current US$)",ST.INT.XPND.CD,,,,,,,,,,,,,,,,,,,,,,,,,,,,,,,,,,,,40000000,19000000,14000000,16000000,17000000,15000000,20000000,26000000,37000000,38000000,42000000,42000000,59000000,68000000,94000000,89000000,81000000,46000000,58000000,60000000,53000000,55000000,,
Thailand,THA,"International tourism, expenditures (current US$)",ST.INT.XPND.CD,,,,,,,,,,,,,,,,,,,,,,,,,,,,,,,,,,,,4791000000,4735000000,3752000000,2246000000,2870000000,3218000000,3334000000,3888000000,3538000000,5343000000,4920000000,6176000000,6889000000,6707000000,5744000000,7155000000,7534000000,8095000000,8238000000,8824000000,9539000000,11267000000,11579000000,
Tajikistan,TJK,"International tourism, expenditures (current US$)",ST.INT.XPND.CD,,,,,,,,,,,,,,,,,,,,,,,,,,,,,,,,,,,,,,,,,,,1700000,2100000,3400000,3800000,6000000,7000000,10800000,5800000,35400000,31400000,36500000,42500000,,,24600000,16100000,
Turkmenistan,TKM,"International tourism, expenditures (current US$)",ST.INT.XPND.CD,,,,,,,,,,,,,,,,,,,,,,,,,,,,,,,,,,,,,74000000,127000000,,,,,,,,,,,,,,,,,,,,,
Latin America & the Caribbean (IDA & IBRD countries),TLA,"International tourism, expenditures (current US$)",ST.INT.XPND.CD,,,,,,,,,,,,,,,,,,,,,,,,,,,,,,,,,,,,18623235834,21548135577,23401208876,24052724955,22078037119,24958000000,24136000000,21331000000,21914000000,24972000000,29428000000,32820000000,39059000000,44338000000,42403000000,50779000000,60847100000,66679700000,73460100000,74683000000,66013000000,65467000000,75839982160,
Timor-Leste,TLS,"International tourism, expenditures (current US$)",ST.INT.XPND.CD,,,,,,,,,,,,,,,,,,,,,,,,,,,,,,,,,,,,,,,,,,,,,,,2000000,5000000,51000000,69000000,68000000,62000000,92000000,57000000,84000000,100000000,118000000,137000000,
Middle East & North Africa (IDA & IBRD countries),TMN,"International tourism, expenditures (current US$)",ST.INT.XPND.CD,,,,,,,,,,,,,,,,,,,,,,,,,,,,,,,,,,,,5437870296,5292980708,5929674769,5877459842,6686244462,6270985432,6709891536,11762984292,12980986395,14207239412,14742400000,16252000000,20295200000,23499500000,24517500000,28805500000,27487576555,25912555826,28251963293,29827068574,29706447427,30614370129,,
Tonga,TON,"International tourism, expenditures (current US$)",ST.INT.XPND.CD,,,,,,,,,,,,,,,,,,,,,,,,,,,,,,,,,,,,,,,,,,3200000,3200000,13200000,16200000,16000000,15000000,17300000,21300000,19800000,21600000,23400000,28500000,29100000,30100000,32400000,23800000,37700000,
South Asia (IDA & IBRD),TSA,"International tourism, expenditures (current US$)",ST.INT.XPND.CD,,,,,,,,,,,,,,,,,,,,,,,,,,,,,,,,,,,,2379258890,2661237696,2728471076,3070658880,3358658585,5301402242,5872384237,5776049840,6600913108,8646012061,11307249757,12323778334,14608630677,16607000000,12682000000,14452000000,18265000000,19014000000,19693000000,23541000000,24480000000,26406000000,30053000000,
Sub-Saharan Africa (IDA & IBRD countries),TSS,"International tourism, expenditures (current US$)",ST.INT.XPND.CD,,,,,,,,,,,,,,,,,,,,,,,,,,,,,,,,,,,,,,,,,,,,,,12083840002,17465080231,22953829271,29118159456,22916605988,27006231140,29731480700,27553631639,26937668280,27617963791,28045334232,22048343827,27405125142,
Trinidad and Tobago,TTO,"International tourism, expenditures (current US$)",ST.INT.XPND.CD,,,,,,,,,,,,,,,,,,,,,,,,,,,,,,,,,,,,91000000,98000000,97000000,92000000,106000000,190000000,172000000,208000000,143000000,141000000,234000000,146000000,155000000,102000000,136000000,97000000,188000000,223000000,116000000,168000000,253000000,230000000,147000000,
Tunisia,TUN,"International tourism, expenditures (current US$)",ST.INT.XPND.CD,,,,,,,,,,,,,,,,,,,,,,,,,,,,,,,,,,,,294000000,282000000,266000000,271000000,276000000,310000000,322000000,303000000,355000000,427000000,452000000,498000000,530000000,555000000,478000000,611000000,678000000,673000000,768000000,770000000,767000000,823000000,871000000,
Turkey,TUR,"International tourism, expenditures (current US$)",ST.INT.XPND.CD,,,,,,,,,,,,,,,,,,,,,,,,,,,,,,,,,,,,911000000,1265000000,1716000000,1754000000,1471000000,1713000000,1738000000,1880000000,2113000000,2524000000,3563000000,3517000000,4254000000,4509000000,5061000000,5817000000,5372000000,4585000000,5253000000,5475000000,5683000000,5025000000,5181000000,
Tuvalu,TUV,"International tourism, expenditures (current US$)",ST.INT.XPND.CD,,,,,,,,,,,,,,,,,,,,,,,,,,,,,,,,,,,,,,,,,,,,,,4600000,5430000,6890000,8400000,7500000,8700000,11450000,11500000,7550000,,,,,
Tanzania,TZA,"International tourism, expenditures (current US$)",ST.INT.XPND.CD,,,,,,,,,,,,,,,,,,,,,,,,,,,,,,,,,,,,360000000,412000000,424000000,521000000,403000000,369000000,363000000,361000000,375000000,470000000,577000000,571000000,616000000,746000000,806000000,861000000,928000000,1003000000,1101000000,1206000000,1329000000,1009000000,899000000,
Uganda,UGA,"International tourism, expenditures (current US$)",ST.INT.XPND.CD,,,,,,,,,,,,,,,,,,,,,,,,,,,,,,,,,,,,80000000,135000000,113000000,95000000,,,,,,158000000,185000000,196000000,220000000,315000000,351000000,464000000,540000000,642000000,349000000,342000000,278000000,290000000,311000000,
Ukraine,UKR,"International tourism, expenditures (current US$)",ST.INT.XPND.CD,,,,,,,,,,,,,,,,,,,,,,,,,,,,,,,,,,,,210000000,405000000,462000000,487000000,460000000,561000000,676000000,794000000,953000000,2660000000,3078000000,3202000000,4022000000,4585000000,3751000000,4134000000,4829000000,5536000000,6300000000,5470000000,5408000000,6306000000,7543000000,
Upper middle income,UMC,"International tourism, expenditures (current US$)",ST.INT.XPND.CD,,,,,,,,,,,,,,,,,,,,,,,,,,,,,,,,,,,,49497811022,51999633372,59225011470,56758142573,56043876362,64524192134,67112926761,72459953035,77695702314,93565180355,1.02973E+11,1.14556E+11,1.38846E+11,1.60805E+11,1.6194E+11,1.96213E+11,2.34787E+11,2.80761E+11,3.29684E+11,4.28956E+11,4.23251E+11,4.12796E+11,4.45299E+11,
Uruguay,URY,"International tourism, expenditures (current US$)",ST.INT.XPND.CD,,,,,,,,,,,,,,,,,,,,,,,,,,,,,,,,,,,,332000000,339000000,391000000,265000000,280000000,381000000,338000000,243000000,236000000,267000000,331000000,305000000,354000000,466000000,442000000,549000000,797000000,1043000000,1504000000,1604000000,1388000000,1139000000,1356000000,
United States,USA,"International tourism, expenditures (current US$)",ST.INT.XPND.CD,,,,,,,,,,,,,,,,,,,,,,,,,,,,,,,,,,,,61042000000,65477000000,71948000000,78423000000,82513000000,91473000000,85610000000,81860000000,82091000000,94764000000,1.01421E+11,1.06848E+11,1.12788E+11,1.19838E+11,1.02953E+11,1.10049E+11,1.16448E+11,1.29902E+11,1.30148E+11,1.40558E+11,1.50044E+11,1.60937E+11,1.73919E+11,
Uzbekistan,UZB,"International tourism, expenditures (current US$)",ST.INT.XPND.CD,,,,,,,,,,,,,,,,,,,,,,,,,,,,,,,,,,,,,,,,,,,,,,,,,,,,,,,,,,,
St. Vincent and the Grenadines,VCT,"International tourism, expenditures (current US$)",ST.INT.XPND.CD,,,,,,,,,,,,,,,,,,,,,,,,,,,,,,,,,,,,7000000,8000000,7000000,8000000,9000000,10000000,12000000,10000000,13000000,14000000,15000000,16000000,20000000,18000000,14000000,15000000,13100000,13700000,14100000,30000000,35000000,34000000,34000000,
"Venezuela, RB",VEN,"International tourism, expenditures (current US$)",ST.INT.XPND.CD,,,,,,,,,,,,,,,,,,,,,,,,,,,,,,,,,,,,1852000000,2336000000,1168000000,1319000000,1483000000,1647000000,1718000000,1546000000,1311000000,1604000000,1843000000,1807000000,2292000000,2745000000,3019000000,2944000000,3994000000,4592000000,5417000000,4118000000,3249000000,2920000000,,
British Virgin Islands,VGB,"International tourism, expenditures (current US$)",ST.INT.XPND.CD,,,,,,,,,,,,,,,,,,,,,,,,,,,,,,,,,,,,40000000,,,,,,,,,,,,,,,,,,,,,,,
Virgin Islands (U.S.),VIR,"International tourism, expenditures (current US$)",ST.INT.XPND.CD,,,,,,,,,,,,,,,,,,,,,,,,,,,,,,,,,,,,,,,,,,,,,,,,,,,,,,,,,,,
Vietnam,VNM,"International tourism, expenditures (current US$)",ST.INT.XPND.CD,,,,,,,,,,,,,,,,,,,,,,,,,,,,,,,,,,,,,,,,,,,,,,900000000,1050000000,1220000000,1300000000,1100000000,1470000000,1710000000,1856000000,2050000000,2650000000,3595000000,4500000000,5040000000,
Vanuatu,VUT,"International tourism, expenditures (current US$)",ST.INT.XPND.CD,,,,,,,,,,,,,,,,,,,,,,,,,,,,,,,,,,,,10000000,10000000,10000000,8000000,9000000,9000000,8000000,11000000,14000000,15000000,13000000,11000000,13000000,32000000,28000000,34000000,39000000,43000000,46000000,41000000,34000000,,,
World,WLD,"International tourism, expenditures (current US$)",ST.INT.XPND.CD,,,,,,,,,,,,,,,,,,,,,,,,,,,,,,,,,,,,4.62737E+11,4.85633E+11,4.84838E+11,4.90453E+11,5.11457E+11,5.36815E+11,5.26997E+11,5.52294E+11,6.0829E+11,7.11122E+11,7.72193E+11,8.22436E+11,9.50154E+11,1.03559E+12,9.23537E+11,1.00499E+12,1.11784E+12,1.1844E+12,1.26441E+12,1.41175E+12,1.35243E+12,1.3661E+12,1.44915E+12,
Samoa,WSM,"International tourism, expenditures (current US$)",ST.INT.XPND.CD,,,,,,,,,,,,,,,,,,,,,,,,,,,,,,,,,,,,6800000,8900000,11700000,11300000,4300000,,,,,11900000,20300000,21200000,19800000,21600000,20000000,25200000,22200000,22300000,13900000,4100000,2900000,2100000,3500000,
Kosovo,XKX,"International tourism, expenditures (current US$)",ST.INT.XPND.CD,,,,,,,,,,,,,,,,,,,,,,,,,,,,,,,,,,,,,,,,,,,,,,,,,,,,,,,,,,,
"Yemen, Rep.",YEM,"International tourism, expenditures (current US$)",ST.INT.XPND.CD,,,,,,,,,,,,,,,,,,,,,,,,,,,,,,,,,,,,76000000,78000000,124000000,160000000,164000000,127000000,136000000,135000000,134000000,183000000,224000000,225000000,247000000,246000000,277000000,252000000,258000000,148000000,161000000,158000000,79000000,56000000,,
South Africa,ZAF,"International tourism, expenditures (current US$)",ST.INT.XPND.CD,,,,,,,,,,,,,,,,,,,,,,,,,,,,,,,,,,,,2414000000,2322000000,2558000000,2500000000,2717000000,2684000000,2366000000,2251000000,3655000000,4237000000,4812000000,5230000000,6104000000,6905000000,6421000000,8139000000,8397000000,7145000000,6491000000,6314000000,5735000000,5354000000,6064000000,
Zambia,ZMB,"International tourism, expenditures (current US$)",ST.INT.XPND.CD,,,,,,,,,,,,,,,,,,,,,,,,,,,,,,,,,,,,,,83000000,81000000,100000000,102000000,102000000,109000000,115000000,86000000,87000000,92000000,120000000,164000000,143000000,167000000,223000000,303000000,357000000,378000000,400000000,423000000,410000000,
Zimbabwe,ZWE,"International tourism, expenditures (current US$)",ST.INT.XPND.CD,,,,,,,,,,,,,,,,,,,,,,,,,,,,,,,,,,,,106000000,118000000,120000000,131000000,,,,,,,,,,,167000000,203000000,317000000,387000000,441000000,451000000,557000000,406000000,338000000,